year,nbr_queen_nb_total_mean,nbr_queen_nb_total_median,nbr_queen_nb_total_share_zero,nbr_queen_nb_lag1_rate_per1000_mean,nbr_queen_nb_lag1_rate_per1000_median,nbr_queen_nb_lag1_rate_per1000_share_zero,nbr_5km_nb_lag1_rate_per1000_mean,nbr_5km_nb_lag1_rate_per1000_median,nbr_5km_nb_lag1_rate_per1000_share_zero,nbr_exp10km_nb_lag1_rate_per1000_mean,nbr_exp10km_nb_lag1_rate_per1000_median,nbr_exp10km_nb_lag1_rate_per1000_share_zero,queen_nb_total_zero_share,own_vs_queen_nb_lag1_rate_corr,upstream_note
2012,106.7944338094537,74.0,0.00471211898100427,5.829619394128589,4.21322586554314,0.009129730525695774,5.766208565333964,4.641479395015614,0.005448387571786188,5.759026378460058,4.894031013777235,0.0005890148726255338,0.00471211898100427,0.12136032017382312,
2013,104.03283757914888,72.0,0.00427035782653512,5.769634332552531,4.166319473377219,0.00471211898100427,5.6074821607033645,4.568436258577104,0.003534089235753203,5.620129330136037,4.837019592251371,0.0007362685907819172,0.00427035782653512,0.1497965768023392,
2014,118.76660285672213,88.0,0.00471211898100427,5.6135261064738495,4.0111739846715855,0.00427035782653512,5.401235404373152,4.194901581155212,0.0033868355175968195,5.407004791816302,4.507142436849586,0.00044176115446915035,0.00471211898100427,0.12055905272190358,
2015,155.99219555293772,114.0,0.003534089235753203,6.405720905752779,4.963573773116644,0.00471211898100427,6.338070429426946,5.238753609284915,0.0025033132086585185,6.357855978560079,5.492964827567996,0.0005890148726255338,0.003534089235753203,0.09259740233050918,
2016,170.2734501546164,122.0,0.0032395817994404358,8.397035208296755,6.514926603991423,0.003534089235753203,8.231938090795081,6.756756756756757,0.002208805772345752,8.207461243518836,7.120071083944837,0.0002945074363127669,0.0032395817994404358,0.15090092294857702,
2017,181.52716831099985,130.0,0.0033868355175968195,9.128822405113855,6.833820341219719,0.0032395817994404358,8.737122368347059,7.216459669714753,0.001914298336032985,8.773803047432134,7.6805146455157,0.00044176115446915035,0.0033868355175968195,0.17991936034175865,
2018,202.55779708437638,142.0,0.001914298336032985,9.790969600098204,7.414540202214733,0.0033868355175968195,9.098751553447137,7.430545695489611,0.002208805772345752,9.134827451337369,7.971627756305802,0.0005890148726255338,0.001914298336032985,0.1635815430241692,
2019,205.56133117361213,139.0,0.002356059490502135,10.924072485601684,8.269446119390128,0.001914298336032985,9.989399156827156,8.029035486777815,0.001914298336032985,9.997079923856623,8.686768344429854,0.0,0.002356059490502135,0.16599257895080166,
2020,165.5209836548373,115.0,0.00427035782653512,11.100026267760128,8.251900108577633,0.002356059490502135,9.973814041728904,7.997888346311205,0.001914298336032985,10.060645892382988,8.560421868939939,0.0002945074363127669,0.00427035782653512,0.25365208930398137,
2021,182.3062877337653,119.0,0.005153880135473421,8.910332881147362,6.664877437824297,0.00427035782653512,8.071508109136,6.465448260410332,0.003681342953909586,8.109740767249184,6.890016185286855,0.0005890148726255338,0.005153880135473421,0.23820618506668298,
2022,174.00854071565308,118.0,0.007509939625975556,9.834477121300887,6.988527167899365,0.005153880135473421,8.581467663447162,6.684769758760774,0.002650566926814902,8.719887809392198,7.3306075954712115,0.0,0.007509939625975556,0.2954653869070001,"completions incomplete (many EPCs lack a UPRN): 2022 partly, 2023 severely"
2023,70.98056250920335,45.0,0.01663967015167133,9.458701200964063,6.859158609877189,0.007509939625975556,7.9873598965929435,6.194978806651451,0.0033868355175968195,8.135449725945294,6.739479808960427,0.0002945074363127669,0.01663967015167133,0.1737126459480913,"completions incomplete (many EPCs lack a UPRN): 2022 partly, 2023 severely"
