msoa11cd,year,variable,manual,stored,ok,focal_construction_excluded
E02006010,2015,nbr_queen_nb_total,125.0,125.0,True,True
E02006010,2015,nbr_queen_nb_rate_per1000,4.960908044608485,4.960908044608485,True,True
E02006010,2015,nbr_queen_nb_lag1_rate_per1000,5.9134023891733145,5.9134023891733145,True,True
E02006010,2015,nbr_queen_nb_prev3yr_rate_per1000,13.533357145691948,13.533357145691948,True,True
E02006010,2015,nbr_queen_nb_mean_rate_lag1,6.420470767647532,6.420470767647531,True,True
E02006010,2015,nbr_queen_price_log_ppsqm_salewmean,7.7044512737480115,7.7044512737480115,True,True
E02006010,2015,nbr_queen_income_bhc2012_hhmean,26011.28864547367,26011.28864547367,True,True
E02004758,2014,nbr_queen_nb_total,218.0,218.0,True,True
E02004758,2014,nbr_queen_nb_rate_per1000,9.862468331523706,9.862468331523706,True,True
E02004758,2014,nbr_queen_nb_lag1_rate_per1000,11.038726022439377,11.038726022439377,True,True
E02004758,2014,nbr_queen_nb_prev3yr_rate_per1000,24.565689467969598,24.565689467969598,True,True
E02004758,2014,nbr_queen_nb_mean_rate_lag1,11.732441093385603,11.732441093385603,True,True
E02004758,2014,nbr_queen_price_log_ppsqm_salewmean,8.202887548899067,8.202887548899067,True,True
E02004758,2014,nbr_queen_income_bhc2012_hhmean,39163.17046688382,39163.17046688382,True,True
E02006056,2018,nbr_queen_nb_total,114.0,114.0,True,True
E02006056,2018,nbr_queen_nb_rate_per1000,5.483933038291322,5.483933038291322,True,True
E02006056,2018,nbr_queen_nb_lag1_rate_per1000,4.7623629016740425,4.7623629016740425,True,True
E02006056,2018,nbr_queen_nb_prev3yr_rate_per1000,21.021743313450067,21.021743313450067,True,True
E02006056,2018,nbr_queen_nb_mean_rate_lag1,4.803311033993816,4.803311033993816,True,True
E02006056,2018,nbr_queen_price_log_ppsqm_salewmean,7.94703478009222,7.94703478009222,True,True
E02006056,2018,nbr_queen_income_bhc2012_hhmean,27069.74215893785,27069.74215893785,True,True
E02002323,2019,nbr_queen_nb_total,232.0,232.0,True,True
E02002323,2019,nbr_queen_nb_rate_per1000,11.539418055210147,11.539418055210147,True,True
E02002323,2019,nbr_queen_nb_lag1_rate_per1000,9.301168863466799,9.301168863466799,True,True
E02002323,2019,nbr_queen_nb_prev3yr_rate_per1000,17.70703805023626,17.70703805023626,True,True
E02002323,2019,nbr_queen_nb_mean_rate_lag1,9.819099379847229,9.819099379847229,True,True
E02002323,2019,nbr_queen_price_log_ppsqm_salewmean,7.681893709781338,7.681893709781338,True,True
E02002323,2019,nbr_queen_income_bhc2012_hhmean,28179.654812235764,28179.654812235764,True,True
E02006453,2022,nbr_queen_nb_total,306.0,306.0,True,True
E02006453,2022,nbr_queen_nb_rate_per1000,12.157330154946365,12.157330154946365,True,True
E02006453,2022,nbr_queen_nb_lag1_rate_per1000,10.846245530393325,10.846245530393325,True,True
E02006453,2022,nbr_queen_nb_prev3yr_rate_per1000,37.06793802145411,37.06793802145411,True,True
E02006453,2022,nbr_queen_nb_mean_rate_lag1,9.224552291763075,9.224552291763077,True,True
E02006453,2022,nbr_queen_price_log_ppsqm_salewmean,8.634087140623093,8.634087140623093,True,True
E02006453,2022,nbr_queen_income_bhc2012_hhmean,35352.00476758045,35352.00476758045,True,True
E02005342,2013,nbr_queen_nb_total,253.0,253.0,True,True
E02005342,2013,nbr_queen_nb_rate_per1000,7.704488702113405,7.704488702113405,True,True
E02005342,2013,nbr_queen_nb_lag1_rate_per1000,4.598331201656618,4.598331201656618,True,True
E02005342,2013,nbr_queen_nb_prev3yr_rate_per1000,17.17522382605518,17.17522382605518,True,True
E02005342,2013,nbr_queen_nb_mean_rate_lag1,4.607640918986282,4.607640918986282,True,True
E02005342,2013,nbr_queen_price_log_ppsqm_salewmean,7.518363022883138,7.518363022883138,True,True
E02005342,2013,nbr_queen_income_bhc2012_hhmean,26381.567695961996,26381.567695961996,True,True
E02005673,2015,nbr_queen_nb_total,420.0,420.0,True,True
E02005673,2015,nbr_queen_nb_rate_per1000,22.121563257136838,22.121563257136838,True,True
E02005673,2015,nbr_queen_nb_lag1_rate_per1000,23.016959865163805,23.016959865163805,True,True
E02005673,2015,nbr_queen_nb_prev3yr_rate_per1000,50.61624354787738,50.61624354787738,True,True
E02005673,2015,nbr_queen_nb_mean_rate_lag1,18.786459512653206,18.786459512653206,True,True
E02005673,2015,nbr_queen_price_log_ppsqm_salewmean,7.623772017573038,7.623772017573038,True,True
E02005673,2015,nbr_queen_income_bhc2012_hhmean,22888.107026229853,22888.107026229853,True,True
E02002055,2019,nbr_queen_nb_total,58.0,58.0,True,True
E02002055,2019,nbr_queen_nb_rate_per1000,2.4843656300865247,2.4843656300865247,True,True
E02002055,2019,nbr_queen_nb_lag1_rate_per1000,3.897884005825409,3.897884005825409,True,True
E02002055,2019,nbr_queen_nb_prev3yr_rate_per1000,14.263685427910563,14.263685427910563,True,True
E02002055,2019,nbr_queen_nb_mean_rate_lag1,4.568781042088733,4.568781042088733,True,True
E02002055,2019,nbr_queen_price_log_ppsqm_salewmean,7.517248867297324,7.517248867297324,True,True
E02002055,2019,nbr_queen_income_bhc2012_hhmean,20586.752334447014,20586.752334447014,True,True
E02005805,2018,nbr_queen_nb_total,161.0,161.0,True,True
E02005805,2018,nbr_queen_nb_rate_per1000,8.19713863856219,8.19713863856219,True,True
E02005805,2018,nbr_queen_nb_lag1_rate_per1000,13.492184715645843,13.492184715645843,True,True
E02005805,2018,nbr_queen_nb_prev3yr_rate_per1000,26.271574767068888,26.271574767068888,True,True
E02005805,2018,nbr_queen_nb_mean_rate_lag1,14.11111886482551,14.11111886482551,True,True
E02005805,2018,nbr_queen_price_log_ppsqm_salewmean,7.478182248493895,7.478182248493895,True,True
E02005805,2018,nbr_queen_income_bhc2012_hhmean,22773.172445394837,22773.172445394837,True,True
E02001453,2021,nbr_queen_nb_total,71.0,71.0,True,True
E02001453,2021,nbr_queen_nb_rate_per1000,3.476983349657199,3.476983349657199,True,True
E02001453,2021,nbr_queen_nb_lag1_rate_per1000,6.121449559255632,6.121449559255632,True,True
E02001453,2021,nbr_queen_nb_prev3yr_rate_per1000,9.01077375122429,9.01077375122429,True,True
E02001453,2021,nbr_queen_nb_mean_rate_lag1,5.88976400705135,5.88976400705135,True,True
E02001453,2021,nbr_queen_price_log_ppsqm_salewmean,7.679248461188359,7.679248461188359,True,True
E02001453,2021,nbr_queen_income_bhc2012_hhmean,25160.538687561213,25160.538687561213,True,True
E02006630,2019,nbr_queen_nb_total,64.0,64.0,True,True
E02006630,2019,nbr_queen_nb_rate_per1000,4.00200100050025,4.00200100050025,True,True
E02006630,2019,nbr_queen_nb_lag1_rate_per1000,4.127063531765883,4.127063531765883,True,True
E02006630,2019,nbr_queen_nb_prev3yr_rate_per1000,10.067533766883441,10.067533766883441,True,True
E02006630,2019,nbr_queen_nb_mean_rate_lag1,3.7216256540172035,3.7216256540172035,True,True
E02006630,2019,nbr_queen_price_log_ppsqm_salewmean,8.114576841114031,8.114576841114031,True,True
E02006630,2019,nbr_queen_income_bhc2012_hhmean,29804.40220110055,29804.40220110055,True,True
E02003658,2016,nbr_queen_nb_total,181.0,181.0,True,True
E02003658,2016,nbr_queen_nb_rate_per1000,7.140602808900111,7.140602808900111,True,True
E02003658,2016,nbr_queen_nb_lag1_rate_per1000,8.205775603597917,8.205775603597917,True,True
E02003658,2016,nbr_queen_nb_prev3yr_rate_per1000,20.711693230235127,20.711693230235127,True,True
E02003658,2016,nbr_queen_nb_mean_rate_lag1,8.124382498507497,8.124382498507495,True,True
E02003658,2016,nbr_queen_price_log_ppsqm_salewmean,8.23790526558542,8.23790526558542,True,True
E02003658,2016,nbr_queen_income_bhc2012_hhmean,34098.464573141864,34098.464573141864,True,True
E02004022,2012,nbr_queen_nb_total,89.0,89.0,True,True
E02004022,2012,nbr_queen_nb_rate_per1000,4.548706940611265,4.548706940611265,True,True
E02004022,2012,nbr_queen_nb_lag1_rate_per1000,4.139834406623735,4.139834406623735,True,True
E02004022,2012,nbr_queen_nb_prev3yr_rate_per1000,8.228559746499029,8.228559746499029,True,True
E02004022,2012,nbr_queen_nb_mean_rate_lag1,3.9718413641178767,3.9718413641178767,True,True
E02004022,2012,nbr_queen_price_log_ppsqm_salewmean,7.488601808812781,7.488601808812781,True,True
E02004022,2012,nbr_queen_income_bhc2012_hhmean,24380.149238474907,24380.149238474907,True,True
E02004833,2014,nbr_queen_nb_total,45.0,45.0,True,True
E02004833,2014,nbr_queen_nb_rate_per1000,4.118239223940697,4.118239223940697,True,True
E02004833,2014,nbr_queen_nb_lag1_rate_per1000,11.531069827033953,11.531069827033953,True,True
E02004833,2014,nbr_queen_nb_prev3yr_rate_per1000,24.068820353253408,24.068820353253408,True,True
E02004833,2014,nbr_queen_nb_mean_rate_lag1,11.348137728587176,11.348137728587176,True,True
E02004833,2014,nbr_queen_price_log_ppsqm_salewmean,8.300748053865306,8.300748053865306,True,True
E02004833,2014,nbr_queen_income_bhc2012_hhmean,35996.211219913974,35996.211219913974,True,True
E02000489,2022,nbr_queen_nb_total,763.0,763.0,True,True
E02000489,2022,nbr_queen_nb_rate_per1000,29.0567043680262,29.0567043680262,True,True
E02000489,2022,nbr_queen_nb_lag1_rate_per1000,12.986023839445524,12.986023839445524,True,True
E02000489,2022,nbr_queen_nb_prev3yr_rate_per1000,27.83807456491108,27.83807456491108,True,True
E02000489,2022,nbr_queen_nb_mean_rate_lag1,11.390352265134535,11.390352265134535,True,True
E02000489,2022,nbr_queen_price_log_ppsqm_salewmean,8.526759058173933,8.526759058173933,True,True
E02000489,2022,nbr_queen_income_bhc2012_hhmean,29112.276933622757,29112.276933622757,True,True
E02001274,2017,nbr_queen_nb_total,62.0,62.0,True,True
E02001274,2017,nbr_queen_nb_rate_per1000,4.644542662371713,4.644542662371713,True,True
E02001274,2017,nbr_queen_nb_lag1_rate_per1000,9.139261367892725,9.139261367892725,True,True
E02001274,2017,nbr_queen_nb_prev3yr_rate_per1000,19.252378455315004,19.252378455315004,True,True
E02001274,2017,nbr_queen_nb_mean_rate_lag1,8.81670544400438,8.81670544400438,True,True
E02001274,2017,nbr_queen_price_log_ppsqm_salewmean,7.992229672337481,7.992229672337481,True,True
E02001274,2017,nbr_queen_income_bhc2012_hhmean,27388.36766799011,27388.36766799011,True,True
E02001405,2021,nbr_queen_nb_total,54.0,54.0,True,True
E02001405,2021,nbr_queen_nb_rate_per1000,5.7766367137355585,5.7766367137355585,True,True
E02001405,2021,nbr_queen_nb_lag1_rate_per1000,4.7068891741549,4.7068891741549,True,True
E02001405,2021,nbr_queen_nb_prev3yr_rate_per1000,14.548566538296962,14.548566538296962,True,True
E02001405,2021,nbr_queen_nb_mean_rate_lag1,4.648705758055995,4.648705758055995,True,True
E02001405,2021,nbr_queen_price_log_ppsqm_salewmean,7.544580969363432,7.544580969363432,True,True
E02001405,2021,nbr_queen_income_bhc2012_hhmean,22353.436029097134,22353.436029097134,True,True
E02004272,2012,nbr_queen_nb_total,183.0,183.0,True,True
E02004272,2012,nbr_queen_nb_rate_per1000,7.061274888100016,7.061274888100016,True,True
E02004272,2012,nbr_queen_nb_lag1_rate_per1000,5.633585429850285,5.633585429850285,True,True
E02004272,2012,nbr_queen_nb_prev3yr_rate_per1000,22.225652106806606,22.225652106806606,True,True
E02004272,2012,nbr_queen_nb_mean_rate_lag1,4.93532584212624,4.93532584212624,True,True
E02004272,2012,nbr_queen_price_log_ppsqm_salewmean,7.832120204553796,7.832120204553796,True,True
E02004272,2012,nbr_queen_income_bhc2012_hhmean,26352.79981478623,26352.79981478623,True,True
E02002460,2012,nbr_queen_nb_total,52.0,52.0,True,True
E02002460,2012,nbr_queen_nb_rate_per1000,3.641456582633053,3.641456582633053,True,True
E02002460,2012,nbr_queen_nb_lag1_rate_per1000,2.73109243697479,2.73109243697479,True,True
E02002460,2012,nbr_queen_nb_prev3yr_rate_per1000,17.366946778711483,17.366946778711483,True,True
E02002460,2012,nbr_queen_nb_mean_rate_lag1,3.1383932262654004,3.1383932262654004,True,True
E02002460,2012,nbr_queen_price_log_ppsqm_salewmean,7.280146317011429,7.280146317011429,True,True
E02002460,2012,nbr_queen_income_bhc2012_hhmean,23955.649859943976,23955.649859943976,True,True
E02006447,2017,nbr_queen_nb_total,115.0,115.0,True,True
E02006447,2017,nbr_queen_nb_rate_per1000,8.33454123786056,8.33454123786056,True,True
E02006447,2017,nbr_queen_nb_lag1_rate_per1000,8.84186113929555,8.84186113929555,True,True
E02006447,2017,nbr_queen_nb_prev3yr_rate_per1000,25.14857225684882,25.14857225684882,True,True
E02006447,2017,nbr_queen_nb_mean_rate_lag1,8.844958508652553,8.844958508652553,True,True
E02006447,2017,nbr_queen_price_log_ppsqm_salewmean,8.462308786776694,8.462308786776694,True,True
E02006447,2017,nbr_queen_income_bhc2012_hhmean,35997.393825192055,35997.393825192055,True,True
E02001385,2013,nbr_queen_nb_total,40.0,40.0,True,True
E02001385,2013,nbr_queen_nb_rate_per1000,1.9688915140775742,1.9688915140775742,True,True
E02001385,2013,nbr_queen_nb_lag1_rate_per1000,6.1035636936404805,6.1035636936404805,True,True
E02001385,2013,nbr_queen_nb_prev3yr_rate_per1000,17.080133884622956,17.080133884622956,True,True
E02001385,2013,nbr_queen_nb_mean_rate_lag1,5.991738610517978,5.991738610517978,True,True
E02001385,2013,nbr_queen_price_log_ppsqm_salewmean,7.019115861593848,7.019115861593848,True,True
E02001385,2013,nbr_queen_income_bhc2012_hhmean,20314.349281354596,20314.349281354596,True,True
E02006626,2022,nbr_queen_nb_total,133.0,133.0,True,True
E02006626,2022,nbr_queen_nb_rate_per1000,6.833127825729552,6.833127825729552,True,True
E02006626,2022,nbr_queen_nb_lag1_rate_per1000,1.7468146321413893,1.7468146321413893,True,True
E02006626,2022,nbr_queen_nb_prev3yr_rate_per1000,8.836826962597616,8.836826962597616,True,True
E02006626,2022,nbr_queen_nb_mean_rate_lag1,2.1519645629675255,2.1519645629675255,True,True
E02006626,2022,nbr_queen_price_log_ppsqm_salewmean,8.489352576192433,8.489352576192433,True,True
E02006626,2022,nbr_queen_income_bhc2012_hhmean,29135.762433210028,29135.762433210028,True,True
E02001117,2012,nbr_queen_nb_total,59.0,59.0,True,True
E02001117,2012,nbr_queen_nb_rate_per1000,2.811800028594577,2.811800028594577,True,True
E02001117,2012,nbr_queen_nb_lag1_rate_per1000,4.7181051327264925,4.7181051327264925,True,True
E02001117,2012,nbr_queen_nb_prev3yr_rate_per1000,14.58323404660916,14.58323404660916,True,True
E02001117,2012,nbr_queen_nb_mean_rate_lag1,4.703951842536874,4.703951842536874,True,True
E02001117,2012,nbr_queen_price_log_ppsqm_salewmean,7.453563308210163,7.453563308210163,True,True
E02001117,2012,nbr_queen_income_bhc2012_hhmean,27519.10975551637,27519.10975551637,True,True
E02003282,2020,nbr_queen_nb_total,53.0,53.0,True,True
E02003282,2020,nbr_queen_nb_rate_per1000,2.357546372492327,2.357546372492327,True,True
E02003282,2020,nbr_queen_nb_lag1_rate_per1000,11.654285841377163,11.654285841377163,True,True
E02003282,2020,nbr_queen_nb_prev3yr_rate_per1000,52.80014234242249,52.80014234242249,True,True
E02003282,2020,nbr_queen_nb_mean_rate_lag1,10.8762055218843,10.8762055218843,True,True
E02003282,2020,nbr_queen_price_log_ppsqm_salewmean,8.119088669932864,8.119088669932864,True,True
E02003282,2020,nbr_queen_income_bhc2012_hhmean,25300.621858458253,25300.621858458253,True,True
E02006130,2015,nbr_queen_nb_total,78.0,78.0,True,True
E02006130,2015,nbr_queen_nb_rate_per1000,2.270874577850239,2.270874577850239,True,True
E02006130,2015,nbr_queen_nb_lag1_rate_per1000,8.18097123558868,8.18097123558868,True,True
E02006130,2015,nbr_queen_nb_prev3yr_rate_per1000,17.380924653546057,17.380924653546057,True,True
E02006130,2015,nbr_queen_nb_mean_rate_lag1,7.716502488322791,7.716502488322791,True,True
E02006130,2015,nbr_queen_price_log_ppsqm_salewmean,7.4931904598882655,7.4931904598882655,True,True
E02006130,2015,nbr_queen_income_bhc2012_hhmean,24310.65098404565,24310.65098404565,True,True
E02004285,2013,nbr_queen_nb_total,78.0,78.0,True,True
E02004285,2013,nbr_queen_nb_rate_per1000,4.78615696140394,4.78615696140394,True,True
E02004285,2013,nbr_queen_nb_lag1_rate_per1000,7.792845308952568,7.792845308952568,True,True
E02004285,2013,nbr_queen_nb_prev3yr_rate_per1000,15.769773577959134,15.769773577959134,True,True
E02004285,2013,nbr_queen_nb_mean_rate_lag1,6.391705189674786,6.391705189674786,True,True
E02004285,2013,nbr_queen_price_log_ppsqm_salewmean,7.693041090971989,7.693041090971989,True,True
E02004285,2013,nbr_queen_income_bhc2012_hhmean,24516.1318033994,24516.1318033994,True,True
E02006579,2015,nbr_queen_nb_total,256.0,256.0,True,True
E02006579,2015,nbr_queen_nb_rate_per1000,18.045960806428873,18.045960806428873,True,True
E02006579,2015,nbr_queen_nb_lag1_rate_per1000,2.4672212040039474,2.4672212040039474,True,True
E02006579,2015,nbr_queen_nb_prev3yr_rate_per1000,8.036091921612858,8.036091921612858,True,True
E02006579,2015,nbr_queen_nb_mean_rate_lag1,2.398486070565541,2.398486070565541,True,True
E02006579,2015,nbr_queen_price_log_ppsqm_salewmean,8.156056674110365,8.156056674110365,True,True
E02006579,2015,nbr_queen_income_bhc2012_hhmean,33458.25743690963,33458.25743690963,True,True
E02003830,2017,nbr_queen_nb_total,123.0,123.0,True,True
E02003830,2017,nbr_queen_nb_rate_per1000,7.084845343010195,7.084845343010195,True,True
E02003830,2017,nbr_queen_nb_lag1_rate_per1000,5.702436495593572,5.702436495593572,True,True
E02003830,2017,nbr_queen_nb_prev3yr_rate_per1000,24.998559990783942,24.998559990783942,True,True
E02003830,2017,nbr_queen_nb_mean_rate_lag1,5.472616429421847,5.472616429421847,True,True
E02003830,2017,nbr_queen_price_log_ppsqm_salewmean,7.325305234938334,7.325305234938334,True,True
E02003830,2017,nbr_queen_income_bhc2012_hhmean,21262.791313864407,21262.791313864407,True,True
E02006300,2021,nbr_queen_nb_total,55.0,55.0,True,True
E02006300,2021,nbr_queen_nb_rate_per1000,5.394801373222168,5.394801373222168,True,True
E02006300,2021,nbr_queen_nb_lag1_rate_per1000,10.985777341834233,10.985777341834233,True,True
E02006300,2021,nbr_queen_nb_prev3yr_rate_per1000,26.2873957822462,26.2873957822462,True,True
E02006300,2021,nbr_queen_nb_mean_rate_lag1,11.00834770452466,11.00834770452466,True,True
E02006300,2021,nbr_queen_price_log_ppsqm_salewmean,8.043626794126014,8.043626794126014,True,True
E02006300,2021,nbr_queen_income_bhc2012_hhmean,26632.82393330064,26632.82393330064,True,True
E02004210,2022,nbr_queen_nb_total,5.0,5.0,True,True
E02004210,2022,nbr_queen_nb_rate_per1000,0.7850525985241011,0.7850525985241011,True,True
E02004210,2022,nbr_queen_nb_lag1_rate_per1000,3.611241953210865,3.611241953210865,True,True
E02004210,2022,nbr_queen_nb_prev3yr_rate_per1000,7.53650494583137,7.53650494583137,True,True
E02004210,2022,nbr_queen_nb_mean_rate_lag1,3.59613564166686,3.59613564166686,True,True
E02004210,2022,nbr_queen_price_log_ppsqm_salewmean,8.293867253027074,8.293867253027074,True,True
E02004210,2022,nbr_queen_income_bhc2012_hhmean,27202.63777673104,27202.63777673104,True,True
E02002823,2013,nbr_queen_nb_total,31.0,31.0,True,True
E02002823,2013,nbr_queen_nb_rate_per1000,1.4876667626451674,1.4876667626451674,True,True
E02002823,2013,nbr_queen_nb_lag1_rate_per1000,3.8391400326326903,3.8391400326326903,True,True
E02002823,2013,nbr_queen_nb_prev3yr_rate_per1000,16.988194644399655,16.988194644399655,True,True
E02002823,2013,nbr_queen_nb_mean_rate_lag1,3.957022776032165,3.957022776032165,True,True
E02002823,2013,nbr_queen_price_log_ppsqm_salewmean,7.319844412553981,7.319844412553981,True,True
E02002823,2013,nbr_queen_income_bhc2012_hhmean,24232.45417026586,24232.45417026586,True,True
E02003988,2019,nbr_queen_nb_total,103.0,103.0,True,True
E02003988,2019,nbr_queen_nb_rate_per1000,8.333333333333334,8.333333333333334,True,True
E02003988,2019,nbr_queen_nb_lag1_rate_per1000,9.142394822006473,9.142394822006473,True,True
E02003988,2019,nbr_queen_nb_prev3yr_rate_per1000,21.359223300970875,21.359223300970875,True,True
E02003988,2019,nbr_queen_nb_mean_rate_lag1,8.969116072485615,8.969116072485615,True,True
E02003988,2019,nbr_queen_price_log_ppsqm_salewmean,7.420205932893928,7.420205932893928,True,True
E02003988,2019,nbr_queen_income_bhc2012_hhmean,24522.24919093851,24522.24919093851,True,True
E02002878,2021,nbr_queen_nb_total,31.0,31.0,True,True
E02002878,2021,nbr_queen_nb_rate_per1000,1.7793594306049823,1.7793594306049823,True,True
E02002878,2021,nbr_queen_nb_lag1_rate_per1000,0.057398691309838136,0.057398691309838136,True,True
E02002878,2021,nbr_queen_nb_prev3yr_rate_per1000,5.108483526575594,5.108483526575594,True,True
E02002878,2021,nbr_queen_nb_mean_rate_lag1,0.07062146892655367,0.07062146892655367,True,True
E02002878,2021,nbr_queen_price_log_ppsqm_salewmean,7.74531501871032,7.74531501871032,True,True
E02002878,2021,nbr_queen_income_bhc2012_hhmean,22835.31856273677,22835.31856273677,True,True
E02004464,2019,nbr_queen_nb_total,124.0,124.0,True,True
E02004464,2019,nbr_queen_nb_rate_per1000,5.988313130825325,5.988313130825325,True,True
E02004464,2019,nbr_queen_nb_lag1_rate_per1000,8.016612739653258,8.016612739653258,True,True
E02004464,2019,nbr_queen_nb_prev3yr_rate_per1000,23.66349543632588,23.66349543632588,True,True
E02004464,2019,nbr_queen_nb_mean_rate_lag1,8.692554071032065,8.692554071032065,True,True
E02004464,2019,nbr_queen_price_log_ppsqm_salewmean,8.456020506686643,8.456020506686643,True,True
E02004464,2019,nbr_queen_income_bhc2012_hhmean,31465.160573719033,31465.160573719033,True,True
E02005868,2018,nbr_queen_nb_total,105.0,105.0,True,True
E02005868,2018,nbr_queen_nb_rate_per1000,6.903353057199211,6.903353057199211,True,True
E02005868,2018,nbr_queen_nb_lag1_rate_per1000,2.6298487836949374,2.6298487836949374,True,True
E02005868,2018,nbr_queen_nb_prev3yr_rate_per1000,14.792899408284024,14.792899408284024,True,True
E02005868,2018,nbr_queen_nb_mean_rate_lag1,2.4784987540471506,2.4784987540471506,True,True
E02005868,2018,nbr_queen_price_log_ppsqm_salewmean,7.640063046386503,7.640063046386503,True,True
E02005868,2018,nbr_queen_income_bhc2012_hhmean,25356.752136752137,25356.752136752137,True,True
E02002057,2012,nbr_queen_nb_total,107.0,107.0,True,True
E02002057,2012,nbr_queen_nb_rate_per1000,6.509703717223338,6.509703717223338,True,True
E02002057,2012,nbr_queen_nb_lag1_rate_per1000,11.68096367950356,11.68096367950356,True,True
E02002057,2012,nbr_queen_nb_prev3yr_rate_per1000,23.422765711504532,23.422765711504532,True,True
E02002057,2012,nbr_queen_nb_mean_rate_lag1,12.260967842541486,12.260967842541486,True,True
E02002057,2012,nbr_queen_price_log_ppsqm_salewmean,7.137486521509739,7.137486521509739,True,True
E02002057,2012,nbr_queen_income_bhc2012_hhmean,20585.729756038207,20585.729756038207,True,True
E02003235,2018,nbr_queen_nb_total,204.0,204.0,True,True
E02003235,2018,nbr_queen_nb_rate_per1000,9.608591210965098,9.608591210965098,True,True
E02003235,2018,nbr_queen_nb_lag1_rate_per1000,11.068720267533324,11.068720267533324,True,True
E02003235,2018,nbr_queen_nb_prev3yr_rate_per1000,30.52140737600678,30.52140737600678,True,True
E02003235,2018,nbr_queen_nb_mean_rate_lag1,9.077886921245234,9.077886921245234,True,True
E02003235,2018,nbr_queen_price_log_ppsqm_salewmean,7.828995196099162,7.828995196099162,True,True
E02003235,2018,nbr_queen_income_bhc2012_hhmean,27121.559983043662,27121.559983043662,True,True
E02003943,2012,nbr_queen_nb_total,10.0,10.0,True,True
E02003943,2012,nbr_queen_nb_rate_per1000,3.7650602409638556,3.7650602409638556,True,True
E02003943,2012,nbr_queen_nb_lag1_rate_per1000,6.024096385542169,6.024096385542169,True,True
E02003943,2012,nbr_queen_nb_prev3yr_rate_per1000,24.096385542168676,24.096385542168676,True,True
E02003943,2012,nbr_queen_nb_mean_rate_lag1,6.024096385542169,6.024096385542169,True,True
E02003943,2012,nbr_queen_price_log_ppsqm_salewmean,7.934445908643235,7.934445908643235,True,True
E02003943,2012,nbr_queen_income_bhc2012_hhmean,24960.0,24960.0,True,True
E02002294,2014,nbr_queen_nb_total,53.0,53.0,True,True
E02002294,2014,nbr_queen_nb_rate_per1000,3.023733455043359,3.023733455043359,True,True
E02002294,2014,nbr_queen_nb_lag1_rate_per1000,2.5102692834322227,2.5102692834322227,True,True
E02002294,2014,nbr_queen_nb_prev3yr_rate_per1000,6.732085805568234,6.732085805568234,True,True
E02002294,2014,nbr_queen_nb_mean_rate_lag1,2.733111751900941,2.733111751900941,True,True
E02002294,2014,nbr_queen_price_log_ppsqm_salewmean,7.229014435591234,7.229014435591234,True,True
E02002294,2014,nbr_queen_income_bhc2012_hhmean,21886.309904153353,21886.309904153353,True,True
E02000792,2012,nbr_queen_nb_total,95.0,95.0,True,True
E02000792,2012,nbr_queen_nb_rate_per1000,11.121517209084523,11.121517209084523,True,True
E02000792,2012,nbr_queen_nb_lag1_rate_per1000,0.23413720440177943,0.23413720440177943,True,True
E02000792,2012,nbr_queen_nb_prev3yr_rate_per1000,4.916881292437369,4.916881292437369,True,True
E02000792,2012,nbr_queen_nb_mean_rate_lag1,0.25552574421873003,0.25552574421873003,True,True
E02000792,2012,nbr_queen_price_log_ppsqm_salewmean,8.655072540860502,8.655072540860502,True,True
E02000792,2012,nbr_queen_income_bhc2012_hhmean,50888.5319597284,50888.5319597284,True,True
