variable,n_missing,share_missing
msoa11cd,0,0.0
year,0,0.0
nbr_queen_nb_total,0,0.0
nbr_queen_nb_rate_per1000,0,0.0
nbr_queen_nb_lag1_total,0,0.0
nbr_queen_nb_lag1_rate_per1000,0,0.0
nbr_queen_nb_prev3yr_rate_per1000,0,0.0
nbr_queen_nb_mean_rate_lag1,0,0.0
nbr_queen_crosslad_nb_lag1_rate_per1000,40680,0.4991901045501399
nbr_5km_nb_total,5760,0.07068178471506406
nbr_5km_nb_rate_per1000,5760,0.07068178471506406
nbr_5km_nb_lag1_rate_per1000,5760,0.07068178471506406
nbr_10km_nb_lag1_rate_per1000,492,0.006037402444411722
nbr_exp10km_nb_lag1_rate_per1000,492,0.006037402444411722
nbr_queen_price_log_ppsqm_salewmean,0,0.0
nbr_queen_price_n_valid,0,0.0
nbr_queen_price_total_sales,0,0.0
nbr_queen_price_log_ppsqm_salewmean_lag1,6791,0.08333333333333333
nbr_5km_none,0,0.0
nbr_10km_none,0,0.0
nbr_queen_crosslad_none,0,0.0
