sample,variable,label,n,mean_2011,mean_2021,pearson,spearman,mean_abs_rank_percentile_change,share_same_quartile,share_moving_2plus_quartiles,top_quartile_2011_still_top,bottom_quartile_2011_still_bottom
A_unchanged_codes,social_rent_share,Social-rented share of households,6677,0.17433327960445855,0.16918280666714292,0.991418359158127,0.9901644830508194,0.027933085326251127,0.9078927662123708,0.0,0.9609140108238123,0.9238548483045806
A_unchanged_codes,log_density,Log population density,6677,7.369029527001898,7.423492646069194,0.9984362830313244,0.9971259639496601,0.014285458258584922,0.9442863561479706,0.0,0.9350571256764882,0.9880382775119617
A_unchanged_codes,degree_share,Level 4+ qualification share (16+),6677,0.27042964848903805,0.33496248186790417,0.9718187969393103,0.9663992939293461,0.053769689780002294,0.8026059607608207,0.0019469821776246818,0.8805069402534701,0.8694874851013111
A_unchanged_codes,unemployment_rate,Unemployed / economically active,6677,0.06367468394870031,0.04691778152632374,0.9016126816846072,0.8886331678634435,0.10322091966079205,0.6579302081773252,0.015126553841545605,0.8028933092224232,0.7234169653524493
A_unchanged_codes,age_0_14,Age 0-14 share,6677,0.17605900925054468,0.17269201884624827,0.9021775649468832,0.874406692725871,0.10531874635800206,0.6410064400179721,0.03249962558035046,0.7770432692307693,0.7564798071127184
A_unchanged_codes,age_15_24,Age 15-24 share,6677,0.12811657315820668,0.11392301649414341,0.9455930664529899,0.8338347005943968,0.1198008744675497,0.6083570465778044,0.04253407218810843,0.7554744525547445,0.687909469922573
A_unchanged_codes,age_25_44,Age 25-44 share,6677,0.27151870556975616,0.26071946646626815,0.9315377015768632,0.9186893156697973,0.08255116057306024,0.7096001198142878,0.012880035944286355,0.8153564899451554,0.8156956004756243
A_unchanged_codes,age_45_64,Age 45-64 share,6677,0.2572463152797328,0.26184122553565187,0.8754675591364328,0.8433419038211518,0.11686060636266894,0.6052119215216415,0.04328291148719485,0.6879474940334129,0.7641681901279708
A_unchanged_codes,age_65plus,Age 65+ share,6677,0.16705939674175965,0.19082427265768825,0.9433676952290998,0.9362662870106672,0.07486650147864639,0.7254755129549199,0.0059907143926913285,0.8163992869875223,0.8271227855833843
B_all_linked_best_fit,social_rent_share,Social-rented share of households,6791,0.1748656561787219,0.16966248809951,0.988860800777292,0.9878057431959418,0.029378168429587778,0.9029597997349433,0.0002945074363127669,0.9575971731448764,0.9199057714958775
B_all_linked_best_fit,log_density,Log population density,6791,7.370486797139265,7.427199404118747,0.9967433081167586,0.9952776176999758,0.01560679080979809,0.9410985127374466,0.0005890148726255338,0.9334511189634864,0.9846878680800942
B_all_linked_best_fit,degree_share,Level 4+ qualification share (16+),6791,0.2709434838800811,0.3354448208927741,0.9704353985887633,0.965491573345561,0.054332849043298596,0.8012074804888824,0.002061552054189368,0.8798586572438163,0.8686690223792697
B_all_linked_best_fit,unemployment_rate,Unemployed / economically active,6791,0.0637827108166232,0.04700928429353083,0.9001835193419547,0.8884303838550115,0.10332124028526064,0.6579296127227212,0.015461640406420262,0.8027090694935218,0.7237926972909305
B_all_linked_best_fit,age_0_14,Age 0-14 share,6791,0.17602801341826746,0.17266496216808985,0.8998752649666746,0.873128371704828,0.1054808024713992,0.6404064202621116,0.03342659402149904,0.7779740871613663,0.7550058892815077
B_all_linked_best_fit,age_15_24,Age 15-24 share,6791,0.12860588309219587,0.11448683924778234,0.9395577895132314,0.83352765383723,0.11978379832238312,0.6087468708584892,0.04329259313797673,0.7573616018845701,0.6849234393404005
B_all_linked_best_fit,age_25_44,Age 25-44 share,6791,0.27227617960974404,0.2614192009776664,0.930575266397529,0.918215394786075,0.0824694329274709,0.7091739066411427,0.013547342070387278,0.8168433451118964,0.8138987043580683
B_all_linked_best_fit,age_45_64,Age 45-64 share,6791,0.25669346534264526,0.26131841731929634,0.875395504144619,0.8452935211826332,0.11610065562490014,0.6065380650861434,0.04329259313797673,0.6890459363957597,0.7691401648998822
B_all_linked_best_fit,age_65plus,Age 65+ share,6791,0.16639645853714738,0.19011058028716504,0.9426003002521417,0.9354560242470568,0.07504718201246936,0.7259608305109704,0.006920924753350022,0.8162544169611308,0.8286219081272085
