msoa11cd,msoa11nm,year,newbuild_total,baseline_households_2011,newbuilds_per_1000,sale_count
E02006854,Tower Hamlets 033,2020,2117,2991.0,707.7900367769977,44
E02000109,Brent 017,2020,1939,3264.0,594.0563725490196,37
E02006917,Manchester 060,2021,1496,3087.0,484.6128927761581,102
E02006912,Manchester 055,2021,1337,3885.0,344.14414414414415,322
E02006929,Greenwich 036,2016,1133,3333.0,339.93399339933995,112
E02000411,Haringey 015,2021,884,2695.0,328.0148423005566,48
E02003482,Milton Keynes 024,2022,822,2508.0,327.7511961722488,163
E02000109,Brent 017,2019,1042,3264.0,319.2401960784314,28
E02000726,Newham 013,2018,1150,3666.0,313.6933987997818,117
E02001178,Salford 022,2021,1741,5633.0,309.071542694834,175
E02006917,Manchester 060,2019,950,3087.0,307.74214447683835,109
E02000109,Brent 017,2017,978,3264.0,299.63235294117646,43
E02001178,Salford 022,2020,1676,5633.0,297.53239836676727,97
E02000891,Tower Hamlets 028,2016,1686,5742.0,293.6259143155695,191
E02000891,Tower Hamlets 028,2021,1675,5742.0,291.71020550330894,176
E02003482,Milton Keynes 024,2021,730,2508.0,291.0685805422647,187
E02000750,Newham 037,2017,1240,4370.0,283.7528604118993,120
E02000726,Newham 013,2012,1034,3666.0,282.05128205128204,104
E02001184,Salford 028,2019,1564,5710.0,273.90542907180384,214
E02006929,Greenwich 036,2015,908,3333.0,272.42724272427245,156
E02000220,Croydon 027,2016,1245,4847.0,256.85991334846295,192
E02000815,Southwark 009,2016,638,2516.0,253.577106518283,57
E02006928,Greenwich 035,2014,752,2977.0,252.60329190460195,156
E02003219,Swindon 008,2019,632,2536.0,249.21135646687696,99
E02003723,Cambridge 005,2018,515,2082.0,247.3583093179635,43
