year,share_zero_newbuilds,mean_newbuilds_per_1000,median_newbuilds_per_1000,p99_newbuilds_per_1000,total_newbuilds
2012,0.2392872920041231,5.458320101557274,1.408450704225352,50.224838009248316,123036
2013,0.22573994993373583,5.277034975574228,1.4498006524102935,50.67701314461385,119050
2014,0.21675747312619645,6.234157249166935,1.9575856443719413,51.05723849259473,139699
2015,0.19702547489324104,8.035113755108739,2.6917900403768504,68.66814411110941,181175
2016,0.1931968782211751,8.622367795564868,2.7266530334014996,75.04084058483302,194902
2017,0.17729347666028566,9.079502269337011,2.8099754127151386,76.02247115937757,204581
2018,0.17243410396112502,10.021718343941538,3.158132190390255,84.46183953033318,224916
2019,0.1706670593432484,10.126994317647531,3.0588835075197554,90.15461424084002,227219
2020,0.20217935502871448,8.194422999070884,2.4469820554649266,67.94050335479335,183411
2021,0.211603592990723,8.829882994050417,2.2900763358778624,77.42694805194822,198215
2022,0.23869827713149758,8.387556074383108,1.864975755315181,76.61663962084245,187331
2023,0.33868355175968196,3.467172787282277,0.6668148477439431,36.79175407018759,76840
