sample,variable,overall_sd,between_sd,within_sd,within_share_of_variance
full_2012_2023,log_median_ppsqm,0.5200166955512634,0.49024989040156086,0.17350749664594453,0.11132736073515685
full_2012_2023,d_log_price,0.06653820895561792,0.012111870103177562,0.06542671848588293,0.9668699528871793
full_2012_2023,newbuilds_lag1_per_1000,16.010098483223405,10.333419681535734,12.229395107075462,0.5834745879522937
full_2012_2023,newbuilds_per_1000,15.774933401183883,10.127089430677076,12.095636700049122,0.5879256382096545
full_2012_2023,newbuild_total,54.25431445754684,35.659776415945274,40.89110700169351,0.5680534153982297
full_2012_2023,sale_count,42.70432071242439,37.39862068378478,20.62015943383823,0.23315267455485078
full_2012_2023,median_ppsqm,1752.8833890296064,1667.1801367465475,541.7432550960425,0.09551706622254112
full_2012_2023,log_baseline_income,0.2043212847324485,0.20433507620445127,9.633129999839587e-17,2.2228370193281525e-31
full_2012_2023,deprivation_moderator_value,14.652362529257415,14.653351548332191,1.3939083336540157e-15,9.05009458700069e-33
full_2012_2023,social_rent_share_2011,0.13335865089038454,0.13336765245919208,1.1583369501172737e-17,7.544447379619563e-33
full_2012_2023,log_population_density_2011,1.512109827995217,1.5122118938197242,2.8504785593892124e-16,3.553602814439029e-32
full_2012_2023,degree_share_2011,0.1141637563302663,0.11417146226386027,1.552016252936012e-17,1.8481449503324106e-32
full_2012_2023,unemployment_rate_2011,0.03437622372143406,0.034378544080414186,3.689422294446828e-18,1.1518618681841549e-32
main_2016_2023,log_median_ppsqm,0.5049497431086739,0.49264959764546273,0.11091388197980533,0.04824757617838759
main_2016_2023,d_log_price,0.06491871286463238,0.015611991930826989,0.06301377938961934,0.9421743034254993
main_2016_2023,newbuilds_lag1_per_1000,17.636867946864406,12.846089057673169,12.085461095034704,0.4695518141928777
main_2016_2023,newbuilds_per_1000,17.184548877090194,12.331294007317737,11.969440302484458,0.4851448379235434
main_2016_2023,newbuild_total,59.51947520228195,43.65295479600048,40.462735928075034,0.46215994495985896
main_2016_2023,sale_count,43.12406263600755,38.47329365054878,19.485409311242435,0.2041642650789161
main_2016_2023,median_ppsqm,1800.9742827010796,1770.5140513364602,330.4425331046529,0.033664863885421385
main_2016_2023,log_baseline_income,0.20432191155695043,0.20433507620445124,0.0,0.0
main_2016_2023,deprivation_moderator_value,14.652407480325838,14.653351548332193,0.0,0.0
main_2016_2023,social_rent_share_2011,0.13335906001306447,0.13336765245919208,0.0,0.0
main_2016_2023,log_population_density_2011,1.512114466902521,1.5122118938197242,0.0,0.0
main_2016_2023,degree_share_2011,0.11416410656612519,0.11417146226386027,0.0,0.0
main_2016_2023,unemployment_rate_2011,0.03437632918210424,0.03437854408041419,0.0,0.0
