,baseline_households_2011,baseline_income_bhc_2011_12,baseline_income_upper_ci,baseline_income_lower_ci,log_baseline_income,income_moderator_value,imd2015_income_rate_msoa,imd2015_employment_rate_msoa,imd2015_education_score_pw,imd2015_health_score_pw,imd2015_crime_score_pw,imd2015_barriers_score_pw,imd2015_living_score_pw,imd_ex_housing,imd_ex_housing_living,imd_ex_income_housing,imd2015_overall_score_pw,imd_ex_housing_bottom20_popshare,imd2015_overall_bottom20_popshare_legacy,deprivation_moderator_value,social_rent_share_2011,owner_share_2011,private_rent_share_2011,degree_share_2011,unemployment_rate_2011
baseline_households_2011,1.0,-0.005293380470017704,-0.0029837940040859778,-0.006743121352003367,-0.012375896961307677,-0.005293380470017704,0.06892466348280402,0.0668016629541416,0.01268708501549338,0.10729586869981148,0.10501134302439886,-0.046473614181840255,0.1323550980928412,0.08538185171525058,0.07213120238731793,0.09239237888873357,0.07778040851493194,0.04854143612870043,0.04648687401832991,0.08538185171525058,0.07337170514883887,-0.19855923751894652,0.24002541486924409,0.07343160503225571,0.046359308220737555
baseline_income_bhc_2011_12,-0.005293380470017704,1.0,0.9989736334495894,0.9988370794289528,0.9887015630375168,1.0,-0.6283617655623244,-0.6986412882154556,-0.7215186256701958,-0.7345936963838904,-0.2854944830286082,0.10809245415613514,-0.06544840438508528,-0.655348849828197,-0.6764540667328003,-0.6595712963645158,-0.6366419175214344,-0.578843632365802,-0.5536117321143793,-0.655348849828197,-0.4026901495680636,0.21882715296878635,0.15146867973485914,0.8538598011944522,-0.5879049069556908
baseline_income_upper_ci,-0.0029837940040859778,0.9989736334495894,1.0,0.9976226067933701,0.9859554257239266,0.9989736334495896,-0.6248749968414775,-0.6966095104093618,-0.7192380165605449,-0.7302509938313742,-0.28050128128926516,0.1140325427686503,-0.05570169595804597,-0.6502575661304105,-0.6724298766031623,-0.6540554709119669,-0.6309518464117103,-0.5737719687987017,-0.5481460378858508,-0.6502575661304105,-0.39902114208957334,0.20815494319773853,0.164794924618603,0.8589953096441388,-0.5825846565641629
baseline_income_lower_ci,-0.006743121352003367,0.9988370794289528,0.9976226067933701,1.0,0.9890076790957766,0.9988370794289527,-0.6314681367382895,-0.7004132440564275,-0.7228057291395903,-0.7386529965626872,-0.2898830219829161,0.10284301711081457,-0.07436419676342397,-0.6598117620681953,-0.679933480532872,-0.6643784439670511,-0.6416299140752967,-0.5830313943931091,-0.5581944768052853,-0.6598117620681953,-0.4060194246560594,0.22888712567194486,0.13881089180856482,0.8482968117934129,-0.5927395901883484
log_baseline_income,-0.012375896961307677,0.9887015630375168,0.9859554257239266,0.9890076790957766,1.0,0.9887015630375168,-0.6831888688201992,-0.7505918015556298,-0.7707200434032153,-0.7680664523100477,-0.33228590264264996,0.10933917411097388,-0.10812130584960584,-0.7158575059511444,-0.7341835353699283,-0.7205458082077659,-0.695779619851371,-0.6425895584182818,-0.6146910660522013,-0.7158575059511444,-0.4426943791462361,0.27361794742520845,0.1108465107576622,0.8443636552762432,-0.6496273221750333
income_moderator_value,-0.005293380470017704,1.0,0.9989736334495896,0.9988370794289527,0.9887015630375168,1.0,-0.6283617655623244,-0.6986412882154556,-0.7215186256701958,-0.7345936963838904,-0.2854944830286082,0.10809245415613514,-0.06544840438508528,-0.655348849828197,-0.6764540667328003,-0.6595712963645158,-0.6366419175214344,-0.578843632365802,-0.5536117321143793,-0.655348849828197,-0.4026901495680636,0.21882715296878635,0.15146867973485914,0.8538598011944522,-0.5879049069556908
imd2015_income_rate_msoa,0.06892466348280402,-0.6283617655623244,-0.6248749968414775,-0.6314681367382895,-0.6831888688201992,-0.6283617655623244,1.0,0.9599148149705992,0.8424770447255122,0.8336817176060033,0.7208726106251819,0.13288531432354542,0.32360591810676836,0.9746832063274526,0.978375948609569,0.9518001415389058,0.9750325719396327,0.8932428466011354,0.8992884087175674,0.9746832063274526,0.8051979211117799,-0.7298420993555889,0.17785068019462108,-0.5802442748099985,0.9530721499459575
imd2015_employment_rate_msoa,0.0668016629541416,-0.6986412882154556,-0.6966095104093618,-0.7004132440564275,-0.7505918015556298,-0.6986412882154556,0.9599148149705992,1.0,0.8548241978749885,0.8767490481353262,0.6412196318057749,-0.01057919238274656,0.24609965584552548,0.9666509311245921,0.9792452779170165,0.9559910179938957,0.951463479218623,0.8840486768391556,0.8720817840052484,0.9666509311245921,0.7264928496431192,-0.6057821558910167,0.07662320479255277,-0.6536846297016848,0.9101771785072663
imd2015_education_score_pw,0.01268708501549338,-0.7215186256701958,-0.7192380165605449,-0.7228057291395903,-0.7707200434032153,-0.7215186256701958,0.8424770447255122,0.8548241978749885,1.0,0.7393210487491724,0.552268563105911,-0.005168062723532299,0.13718218452359016,0.8675746307984572,0.8892509593283436,0.8655928644073089,0.8528942358752125,0.7932532241701069,0.7734167047285183,0.8675746307984572,0.6611552365374934,-0.5119391434039373,-5.92720688587503e-05,-0.7846674601540756,0.7945724393416245
imd2015_health_score_pw,0.10729586869981148,-0.7345936963838904,-0.7302509938313742,-0.7386529965626872,-0.7680664523100477,-0.7345936963838904,0.8336817176060033,0.8767490481353262,0.7393210487491724,1.0,0.6129340962108596,-0.09867483961167225,0.2994806188553494,0.8812936361683607,0.8834962193472663,0.8910873798832477,0.8583129037754985,0.7559586633150271,0.741227085546282,0.8812936361683607,0.6279439212606677,-0.5795553187633498,0.16938872062851368,-0.6039212302650372,0.7652415820315417
imd2015_crime_score_pw,0.10501134302439886,-0.2854944830286082,-0.28050128128926516,-0.2898830219829161,-0.33228590264264996,-0.2854944830286082,0.7208726106251819,0.6412196318057749,0.552268563105911,0.6129340962108596,1.0,0.11069958793227357,0.453311734434153,0.7474065491635112,0.7255099180896455,0.7519456385117466,0.7469648690231129,0.6238297215281812,0.6397519061487517,0.7474065491635112,0.5730933542605157,-0.7081066011828185,0.453024609092145,-0.2739290270235167,0.7048214804135932
imd2015_barriers_score_pw,-0.046473614181840255,0.10809245415613514,0.1140325427686503,0.10284301711081457,0.10933917411097388,0.10809245415613514,0.13288531432354542,-0.01057919238274656,-0.005168062723532299,-0.09867483961167225,0.11069958793227357,1.0,0.3120105985250123,0.07486171665826678,0.03938782314271776,0.05092240871923595,0.18438508993716538,0.07471929989150151,0.15080186761222883,0.07486171665826678,0.2565442376426802,-0.3552451723840041,0.23024558737791792,0.14719539487663674,0.1568672737684644
imd2015_living_score_pw,0.1323550980928412,-0.06544840438508528,-0.05570169595804597,-0.07436419676342397,-0.10812130584960584,-0.06544840438508528,0.32360591810676836,0.24609965584552548,0.13718218452359016,0.2994806188553494,0.453311734434153,0.3120105985250123,1.0,0.4107152479300124,0.3029039402252754,0.4415952764695716,0.4420233039919006,0.3125780503764096,0.32665855137950195,0.4107152479300124,0.1605999764723551,-0.52833418747189,0.6779260818915331,0.13294164909721004,0.3231442238194777
imd_ex_housing,0.08538185171525058,-0.655348849828197,-0.6502575661304105,-0.6598117620681953,-0.7158575059511444,-0.655348849828197,0.9746832063274526,0.9666509311245921,0.8675746307984572,0.8812936361683607,0.7474065491635112,0.07486171665826678,0.4107152479300124,1.0,0.9932788587736999,0.9960854437504735,0.9936998247091023,0.9072290541086948,0.902456072450778,1.0,0.7496484333358899,-0.720227617987259,0.23820633177474304,-0.5903615568674486,0.9287451428598633
imd_ex_housing_living,0.07213120238731793,-0.6764540667328003,-0.6724298766031623,-0.679933480532872,-0.7341835353699283,-0.6764540667328003,0.978375948609569,0.9792452779170165,0.8892509593283436,0.8834962193472663,0.7255099180896455,0.03938782314271776,0.3029039402252754,0.9932788587736999,1.0,0.9851066758227326,0.9828088925891552,0.908358513166844,0.901714472626284,0.9932788587736996,0.7641630931533379,-0.6863013980959484,0.16252987423574053,-0.6337386195168736,0.9302859710961511
imd_ex_income_housing,0.09239237888873357,-0.6595712963645158,-0.6540554709119669,-0.6643784439670511,-0.7205458082077659,-0.6595712963645158,0.9518001415389058,0.9559910179938957,0.8655928644073089,0.8910873798832477,0.7519456385117466,0.05092240871923595,0.4415952764695716,0.9960854437504735,0.9851066758227326,1.0,0.9872347520711092,0.8982487801408146,0.8896021888260014,0.9960854437504736,0.7183210023185724,-0.7086628731194452,0.2612056822295037,-0.589209935813391,0.9054493399582036
imd2015_overall_score_pw,0.07778040851493194,-0.6366419175214344,-0.6309518464117103,-0.6416299140752967,-0.695779619851371,-0.6366419175214344,0.9750325719396327,0.951463479218623,0.8528942358752125,0.8583129037754985,0.7469648690231129,0.18438508993716538,0.4420233039919006,0.9936998247091023,0.9828088925891552,0.9872347520711092,1.0,0.9024528024730937,0.906404068066073,0.9936998247091026,0.7657714831248285,-0.7477550363798678,0.2596722124220415,-0.5659831611708112,0.9327358055806328
imd_ex_housing_bottom20_popshare,0.04854143612870043,-0.578843632365802,-0.5737719687987017,-0.5830313943931091,-0.6425895584182818,-0.578843632365802,0.8932428466011354,0.8840486768391556,0.7932532241701069,0.7559586633150271,0.6238297215281812,0.07471929989150151,0.3125780503764096,0.9072290541086948,0.908358513166844,0.8982487801408146,0.9024528024730937,1.0,0.9729619025906634,0.9072290541086948,0.7054043977415321,-0.6291223568343335,0.14034390328852905,-0.5194260631233635,0.8632596644387781
imd2015_overall_bottom20_popshare_legacy,0.04648687401832991,-0.5536117321143793,-0.5481460378858508,-0.5581944768052853,-0.6146910660522013,-0.5536117321143793,0.8992884087175674,0.8720817840052484,0.7734167047285183,0.741227085546282,0.6397519061487517,0.15080186761222883,0.32665855137950195,0.902456072450778,0.901714472626284,0.8896021888260014,0.906404068066073,0.9729619025906634,1.0,0.9024560724507777,0.7315026019257074,-0.6633882858580317,0.16214280774411416,-0.4895823976721624,0.8740198481741532
deprivation_moderator_value,0.08538185171525058,-0.655348849828197,-0.6502575661304105,-0.6598117620681953,-0.7158575059511444,-0.655348849828197,0.9746832063274526,0.9666509311245921,0.8675746307984572,0.8812936361683607,0.7474065491635112,0.07486171665826678,0.4107152479300124,1.0,0.9932788587736996,0.9960854437504736,0.9936998247091026,0.9072290541086948,0.9024560724507777,1.0,0.7496484333358899,-0.720227617987259,0.23820633177474304,-0.5903615568674486,0.9287451428598633
social_rent_share_2011,0.07337170514883887,-0.4026901495680636,-0.39902114208957334,-0.4060194246560594,-0.4426943791462361,-0.4026901495680636,0.8051979211117799,0.7264928496431192,0.6611552365374934,0.6279439212606677,0.5730933542605157,0.2565442376426802,0.1605999764723551,0.7496484333358899,0.7641630931533379,0.7183210023185724,0.7657714831248285,0.7054043977415321,0.7315026019257074,0.7496484333358899,1.0,-0.8086641846548233,0.04256964585884854,-0.37236140701986054,0.7472886446116939
owner_share_2011,-0.19855923751894652,0.21882715296878635,0.20815494319773853,0.22888712567194486,0.27361794742520845,0.21882715296878635,-0.7298420993555889,-0.6057821558910167,-0.5119391434039373,-0.5795553187633498,-0.7081066011828185,-0.3552451723840041,-0.52833418747189,-0.720227617987259,-0.6863013980959484,-0.7086628731194452,-0.7477550363798678,-0.6291223568343335,-0.6633882858580317,-0.720227617987259,-0.8086641846548233,1.0,-0.6191046576751569,0.1020850372706175,-0.7043412565517001
private_rent_share_2011,0.24002541486924409,0.15146867973485914,0.164794924618603,0.13881089180856482,0.1108465107576622,0.15146867973485914,0.17785068019462108,0.07662320479255277,-5.92720688587503e-05,0.16938872062851368,0.453024609092145,0.23024558737791792,0.6779260818915331,0.23820633177474304,0.16252987423574053,0.2612056822295037,0.2596722124220415,0.14034390328852905,0.16214280774411416,0.23820633177474304,0.04256964585884854,-0.6191046576751569,1.0,0.3104915315557491,0.21270633678238013
degree_share_2011,0.07343160503225571,0.8538598011944522,0.8589953096441388,0.8482968117934129,0.8443636552762432,0.8538598011944522,-0.5802442748099985,-0.6536846297016848,-0.7846674601540756,-0.6039212302650372,-0.2739290270235167,0.14719539487663674,0.13294164909721004,-0.5903615568674486,-0.6337386195168736,-0.589209935813391,-0.5659831611708112,-0.5194260631233635,-0.4895823976721624,-0.5903615568674486,-0.37236140701986054,0.1020850372706175,0.3104915315557491,1.0,-0.5323458170869773
unemployment_rate_2011,0.046359308220737555,-0.5879049069556908,-0.5825846565641629,-0.5927395901883484,-0.6496273221750333,-0.5879049069556908,0.9530721499459575,0.9101771785072663,0.7945724393416245,0.7652415820315417,0.7048214804135932,0.1568672737684644,0.3231442238194777,0.9287451428598633,0.9302859710961511,0.9054493399582036,0.9327358055806328,0.8632596644387781,0.8740198481741532,0.9287451428598633,0.7472886446116939,-0.7043412565517001,0.21270633678238013,-0.5323458170869773,1.0
