,log_median_ppsqm,mean_log_ppsqm,d_log_price,newbuilds_per_1000,newbuilds_lag1_per_1000,newbuilds_lag2_per_1000,newbuilds_lag3_per_1000,newbuilds_prev3yr_per_1000,nb_lead1,nb_lead2,log_sale_count,median_floor_area,detached_sale_share,semidetached_sale_share,terraced_sale_share,flat_sale_share,leasehold_sale_share
log_median_ppsqm,1.0,0.9989359956999244,-0.503128491421299,0.10363543401950975,0.110220672633624,0.1104432526221017,0.11392110478046978,0.11352970908048124,0.095474724501172,0.0884505275968814,-0.08127565425866806,0.08949807847233762,-0.02360979252751738,-0.39135442834560885,-0.30452043668364864,0.5937541675195266,0.36393327448035484
mean_log_ppsqm,0.9989359956999244,1.0,-0.5012900479615795,0.09844880606517743,0.10420139232606944,0.1038178617822202,0.10687717316213573,0.1068722781019082,0.09085265148144371,0.08440150649552995,-0.07644605554944564,0.09882857586706892,-0.019382312045007934,-0.39202021459896447,-0.2990373581620388,0.5855194222466241,0.35473927529870003
d_log_price,-0.503128491421299,-0.5012900479615795,1.0,-0.09708634237116277,-0.10427393927941661,-0.1073574679928658,-0.11041643546546469,-0.10920438778759653,-0.0905850967323978,-0.08682635819450342,0.08401799318589585,-0.05138510674527963,0.03139774360394568,0.31018262674627833,0.21892789953775907,-0.4620939442307328,-0.2866579676684953
newbuilds_per_1000,0.10363543401950975,0.09844880606517743,-0.09708634237116277,1.0,0.969024488798869,0.904899118387015,0.816499339767901,0.9183500438577676,0.9742691064034128,0.9363455961516761,0.12306531934328857,-0.026229015010116916,0.07544030554875021,-0.15043882353097957,-0.1598076776969454,0.18957095546756197,0.13568665934612706
newbuilds_lag1_per_1000,0.110220672633624,0.10420139232606944,-0.10427393927941661,0.969024488798869,1.0,0.9674422341504217,0.9000915053063832,0.9769718855916558,0.917020174160668,0.8594035398116466,0.12669124866589052,-0.043275415242587954,0.058612380816076406,-0.15873585370067708,-0.15223421376095395,0.20447231516848305,0.1467337851582616
newbuilds_lag2_per_1000,0.1104432526221017,0.1038178617822202,-0.1073574679928658,0.904899118387015,0.9674422341504217,1.0,0.9649340494850479,0.9961751138548363,0.8377671651632362,0.7680706023119673,0.13590972369459411,-0.05347549279071594,0.0491805875995429,-0.1611777044553418,-0.1425742694572492,0.20629118286183448,0.1474133939074952
newbuilds_lag3_per_1000,0.11392110478046978,0.10687717316213573,-0.11041643546546469,0.816499339767901,0.9000915053063832,0.9649340494850479,1.0,0.9702228747071902,0.7374249499525141,0.6579697861651231,0.14055765786291938,-0.06388282609613488,0.03204087613712238,-0.16186275586897206,-0.12808595083070337,0.2094587429625436,0.15069953976150835
newbuilds_prev3yr_per_1000,0.11352970908048124,0.1068722781019082,-0.10920438778759653,0.9183500438577676,0.9769718855916558,0.9961751138548363,0.9702228747071902,1.0,0.8518196887209838,0.7822297772236452,0.1365333833991387,-0.05395246460942387,0.04829025770377793,-0.16354859395764515,-0.14435761043729775,0.21051301915709247,0.15097388957968352
nb_lead1,0.095474724501172,0.09085265148144371,-0.0905850967323978,0.9742691064034128,0.917020174160668,0.8377671651632362,0.7374249499525141,0.8518196887209838,1.0,0.9825181954613935,0.12101060881339346,-0.008423205895314588,0.09691805471369792,-0.13777921772558424,-0.1617963541404224,0.16210345839618243,0.11108566038015993
nb_lead2,0.0884505275968814,0.08440150649552995,-0.08682635819450342,0.9363455961516761,0.8594035398116466,0.7680706023119673,0.6579697861651231,0.7822297772236452,0.9825181954613935,1.0,0.1194955264508205,0.006806575346369659,0.1118386454877577,-0.12965230835053712,-0.16050548722702435,0.1411456162519533,0.09229506940349685
log_sale_count,-0.08127565425866806,-0.07644605554944564,0.08401799318589585,0.12306531934328857,0.12669124866589052,0.13590972369459411,0.14055765786291938,0.1365333833991387,0.12101060881339346,0.1194955264508205,1.0,0.13285051143610674,0.3581748179484225,0.12156093477516904,-0.21280531690099144,-0.22883903254834456,-0.21672413156446155
median_floor_area,0.08949807847233762,0.09882857586706892,-0.05138510674527963,-0.026229015010116916,-0.043275415242587954,-0.05347549279071594,-0.06388282609613488,-0.05395246460942387,-0.008423205895314588,0.006806575346369659,0.13285051143610674,1.0,0.6633983815473566,0.06959941040179207,-0.3106554428964264,-0.37916956269130575,-0.3978168083066495
detached_sale_share,-0.02360979252751738,-0.019382312045007934,0.03139774360394568,0.07544030554875021,0.058612380816076406,0.0491805875995429,0.03204087613712238,0.04829025770377793,0.09691805471369792,0.1118386454877577,0.3581748179484225,0.6633983815473566,1.0,0.08356421446285156,-0.5736887556095536,-0.46098102775900746,-0.4884968171154199
semidetached_sale_share,-0.39135442834560885,-0.39202021459896447,0.31018262674627833,-0.15043882353097957,-0.15873585370067708,-0.1611777044553418,-0.16186275586897206,-0.16354859395764515,-0.13777921772558424,-0.12965230835053712,0.12156093477516904,0.06959941040179207,0.08356421446285156,1.0,-0.2904070805958905,-0.5833967459731697,-0.45205841770015975
terraced_sale_share,-0.30452043668364864,-0.2990373581620388,0.21892789953775907,-0.1598076776969454,-0.15223421376095395,-0.1425742694572492,-0.12808595083070337,-0.14435761043729775,-0.1617963541404224,-0.16050548722702435,-0.21280531690099144,-0.3106554428964264,-0.5736887556095536,-0.2904070805958905,1.0,-0.14913804354487573,-0.036410358856144756
flat_sale_share,0.5937541675195266,0.5855194222466241,-0.4620939442307328,0.18957095546756197,0.20447231516848305,0.20629118286183448,0.2094587429625436,0.21051301915709247,0.16210345839618243,0.1411456162519533,-0.22883903254834456,-0.37916956269130575,-0.46098102775900746,-0.5833967459731697,-0.14913804354487573,1.0,0.8235603289990291
leasehold_sale_share,0.36393327448035484,0.35473927529870003,-0.2866579676684953,0.13568665934612706,0.1467337851582616,0.1474133939074952,0.15069953976150835,0.15097388957968352,0.11108566038015993,0.09229506940349685,-0.21672413156446155,-0.3978168083066495,-0.4884968171154199,-0.45205841770015975,-0.036410358856144756,0.8235603289990291,1.0
