year,corr_with_log_price,spearman_with_log_price,corr_with_price_growth
2012,0.05021074184034129,0.07676748647148292,
2013,0.0887711721352513,0.1119666236310455,0.0549429346611511
2014,0.08780651544366441,0.09704040224521425,0.04124966234586019
2015,0.05983129994474263,0.06772671466710259,0.021180581179640806
2016,0.09427118320923687,0.09550609717964527,0.028057342970412673
2017,0.10005927436192155,0.11375473192987685,-0.01549911428185876
2018,0.08800988434992452,0.08901398143022428,-0.029936407122425932
2019,0.08290708206182049,0.09404686239790189,-0.038064817518736326
2020,0.07744391838353198,0.08026606523030791,-0.03941627966796731
2021,0.06370206980688205,0.075790544611402,-0.030881667312460948
2022,0.061191999278834106,0.06658463904737313,-0.004668577689469002
2023,0.052906528316162216,0.07486324618131217,0.008579724737083
