restriction,moderator,quartile,share_of_cells_retained,share_of_total_weight,sd_treatment_in_quartile
no restriction,income,1,1.0,0.24996317572543822,13.025452430757579
no restriction,income,2,1.0,0.25011047282368537,15.001909464180473
no restriction,income,3,1.0,0.24996317572543822,19.57278191903505
no restriction,income,4,1.0,0.24996317572543822,21.366234997064975
no restriction,deprivation,1,1.0,0.24996317572543822,17.04605895893554
no restriction,deprivation,2,1.0,0.24981587862719104,16.423979701448637
no restriction,deprivation,3,1.0,0.25011047282368537,20.08607780555387
no restriction,deprivation,4,1.0,0.25011047282368537,16.617364857656916
no restriction,social_rent,1,1.0,0.25011047282368537,15.272894642631284
no restriction,social_rent,2,1.0,0.25011047282368537,15.925556321788255
no restriction,social_rent,3,1.0,0.24981587862719104,18.266671392633526
no restriction,social_rent,4,1.0,0.24996317572543822,20.553784423940854
no restriction,density,1,1.0,0.24996317572543822,17.437453075342834
no restriction,density,2,1.0,0.24996317572543822,15.191139899909558
no restriction,density,3,1.0,0.25011047282368537,16.3748858107553
no restriction,density,4,1.0,0.24996317572543822,20.541518155585315
sales >= 10,income,1,0.9993370654095463,0.2501428913841105,13.026855894403992
sales >= 10,income,2,0.999263839811543,0.25027195456975865,15.004439493756053
sales >= 10,income,3,0.9991897466116676,0.250106016188211,19.57887843810639
sales >= 10,income,4,0.9966853270477313,0.24947913785791986,21.378220256497748
sales >= 10,deprivation,1,0.9995580436063641,0.2501982041779597,17.048591405666883
sales >= 10,deprivation,2,0.9984522405660378,0.2497741394251157,16.43505365150303
sales >= 10,deprivation,3,0.9984540636042403,0.25006914099231153,20.07842372957473
sales >= 10,deprivation,4,0.9980123674911661,0.24995851540461309,16.628157864206514
sales >= 10,social_rent,1,0.9987485276796231,0.2501428913841105,15.280383041641857
sales >= 10,social_rent,2,0.9995583038869258,0.2503457049615576,15.928635635129865
sales >= 10,social_rent,3,0.9989681603773585,0.24990320261076387,18.258660208267877
sales >= 10,social_rent,4,0.9972009428403065,0.24960820104356804,20.570552167877874
sales >= 10,density,1,1.0,0.2503088297656581,17.437453075342834
sales >= 10,density,2,0.9998526812021213,0.25027195456975865,15.191850387889952
sales >= 10,density,3,0.9994110718492344,0.2503088297656581,16.359657562687648
sales >= 10,density,4,0.9952121390689452,0.2491103858989251,20.577420002134996
sales >= 20,income,1,0.9907189157336476,0.24971686377898666,12.863825460866327
sales >= 20,income,2,0.9902090694935218,0.2497354300885613,14.8767449356092
sales >= 20,income,3,0.9963906894519741,0.2511464696162344,19.572347276702597
sales >= 20,income,4,0.9894667059516794,0.24940123651621768,21.429091376909668
sales >= 20,deprivation,1,0.9988951090159104,0.25177772414177235,17.052476168654138
sales >= 20,deprivation,2,0.9948408018867925,0.25060804663856967,16.45650923835266
sales >= 20,deprivation,3,0.9914605418138988,0.25005105735133026,20.058970827622034
sales >= 20,deprivation,4,0.9815959952885748,0.24756317186832774,16.460174977690922
sales >= 20,social_rent,1,0.9969081272084805,0.25142496425985406,15.289325989453422
sales >= 20,social_rent,2,0.9974970553592462,0.25157349473645124,15.930681322554745
sales >= 20,social_rent,3,0.9941774764150944,0.25044094985239784,18.27965105418291
sales >= 20,social_rent,4,0.9781968179139658,0.24656059115129686,20.461601961804178
sales >= 20,density,1,1.0,0.252056218785392,17.437453075342834
sales >= 20,density,2,0.9988214496169712,0.2517591578321977,15.15034910091358
sales >= 20,density,3,0.9961719670200235,0.2512393011641076,16.277677434328528
sales >= 20,density,4,0.9717884502062463,0.24494532221830267,20.603633393267597
sales >= 30,income,1,0.9694313494401886,0.2481709156735556,12.873732964847884
sales >= 30,income,2,0.9706272084805654,0.2486234726203047,14.68819518347432
sales >= 30,income,3,0.9857837360047143,0.25235706743098507,19.5456835738043
sales >= 30,income,4,0.9798909840895699,0.25084854427515463,21.439272775514617
sales >= 30,deprivation,1,0.9980848556275781,0.2555061095187811,17.057358164190575
sales >= 30,deprivation,2,0.9904923349056604,0.2534130336400664,16.48190136217401
sales >= 30,deprivation,3,0.9765901060070671,0.25015085231558304,20.052127414262177
sales >= 30,deprivation,4,0.9405918727915195,0.24093000452556948,16.317766873879076
sales >= 30,social_rent,1,0.9941843345111896,0.2546575652436265,15.306025015875688
sales >= 30,social_rent,2,0.9924911660777385,0.25422386483632525,15.924537990086556
sales >= 30,social_rent,3,0.9848172169811321,0.25196108010257956,18.29384710785422
sales >= 30,social_rent,4,0.934222156747201,0.2391574898174687,20.47393497137096
sales >= 30,density,1,0.9999263406010607,0.2559775230049781,17.437791187779034
sales >= 30,density,2,0.9966853270477313,0.2551478352692714,15.152884539511941
sales >= 30,density,3,0.9860865724381626,0.25258334590435966,16.168745515622042
sales >= 30,density,4,0.9230259281084267,0.23629129582139086,20.738214382700917
sales >= 50,income,1,0.847672362993518,0.23304509831716652,12.643853717118592
sales >= 50,income,2,0.9212308598351001,0.25341730625139225,14.134490531098026
sales >= 50,income,3,0.9361373011196229,0.25736619347522327,19.166063643358445
sales >= 50,income,4,0.9317913965822039,0.25617140195621796,21.35291247509644
sales >= 50,deprivation,1,0.9857100766057749,0.2709949170733683,16.94233140821167
sales >= 50,deprivation,2,0.9654333726415094,0.2652639679228853,16.541189591339137
sales >= 50,deprivation,3,0.9167402826855123,0.25218201332496304,19.55904236166027
sales >= 50,deprivation,4,0.7690665488810365,0.21155910167878333,15.946351261965455
sales >= 50,social_rent,1,0.9766637220259128,0.26866608614649357,15.347012851428786
sales >= 50,social_rent,2,0.9646643109540636,0.2653652214414451,15.771905955721378
sales >= 50,social_rent,3,0.9388266509433962,0.25795346388286994,17.938721924986766
sales >= 50,social_rent,4,0.7566293459045375,0.20801522852919138,20.695112165247643
sales >= 50,density,1,0.9853417796110784,0.27089366355480854,17.514597767043522
sales >= 50,density,2,0.9716411314083677,0.2671270326643851,15.157393540512773
sales >= 50,density,3,0.9186542991755006,0.25270853162147383,15.856975603864113
sales >= 50,density,4,0.7611962286387743,0.20927077215933254,20.544675803645784
weighted by sale_count,income,1,1.0,0.2104607303776628,13.025452430757579
weighted by sale_count,income,2,1.0,0.26807210431229883,15.001909464180473
weighted by sale_count,income,3,1.0,0.2659444265276477,19.57278191903505
weighted by sale_count,income,4,1.0,0.2555227387823907,21.366234997064975
weighted by sale_count,deprivation,1,1.0,0.2789989425346717,17.04605895893554
weighted by sale_count,deprivation,2,1.0,0.2778143701288899,16.423979701448637
weighted by sale_count,deprivation,3,1.0,0.2540346026255806,20.08607780555387
weighted by sale_count,deprivation,4,1.0,0.18915208471085782,16.617364857656916
weighted by sale_count,social_rent,1,1.0,0.28421160742560275,15.272894642631284
weighted by sale_count,social_rent,2,1.0,0.2788725638644776,15.925556321788255
weighted by sale_count,social_rent,3,1.0,0.25838009860085703,18.266671392633526
weighted by sale_count,social_rent,4,1.0,0.1785357301090626,20.553784423940854
weighted by sale_count,density,1,1.0,0.27208289712357414,17.437453075342834
weighted by sale_count,density,2,1.0,0.27990763066762353,15.191139899909558
weighted by sale_count,density,3,1.0,0.2456998018549985,16.3748858107553
weighted by sale_count,density,4,1.0,0.20230967035380382,20.541518155585315
sales >= 30 and weighted,income,1,0.9694313494401886,0.20980228422034497,12.873732964847884
sales >= 30 and weighted,income,2,0.9706272084805654,0.2678376365828087,14.68819518347432
sales >= 30 and weighted,income,3,0.9857837360047143,0.26647224313043855,19.5456835738043
sales >= 30 and weighted,income,4,0.9798909840895699,0.2558878360664078,21.439272775514617
sales >= 30 and weighted,deprivation,1,0.9980848556275781,0.2803027765928264,17.057358164190575
sales >= 30 and weighted,deprivation,2,0.9904923349056604,0.2787653593038086,16.48190136217401
sales >= 30 and weighted,deprivation,3,0.9765901060070671,0.2540839648346677,20.052127414262177
sales >= 30 and weighted,deprivation,4,0.9405918727915195,0.18684789926869738,16.317766873879076
sales >= 30 and weighted,social_rent,1,0.9941843345111896,0.28536723154536514,15.306025015875688
sales >= 30 and weighted,social_rent,2,0.9924911660777385,0.27985661264203177,15.924537990086556
sales >= 30 and weighted,social_rent,3,0.9848172169811321,0.25888525991795197,18.29384710785422
sales >= 30 and weighted,social_rent,4,0.934222156747201,0.17589089589465115,20.47393497137096
sales >= 30 and weighted,density,1,0.9999263406010607,0.27342603222079664,17.437791187779034
sales >= 30 and weighted,density,2,0.9966853270477313,0.28111202064139634,15.152884539511941
sales >= 30 and weighted,density,3,0.9860865724381626,0.24614286872440116,16.168745515622042
sales >= 30 and weighted,density,4,0.9230259281084267,0.19931907841340585,20.738214382700917
