fe,year_controls,moderator,coef_alone,se_alone,p_alone,coef_with_four_primary,se_with_four_primary,p_with_four_primary,coef_with_all_six,se_with_all_six,p_with_all_six
M3,False,income,3.6518529741900585e-05,4.575482544726312e-05,0.4254385292500973,4.6845870386719685e-05,6.124367193509743e-05,0.44494103485503067,-1.4079762759558579e-05,5.696446923660227e-05,0.8049517324975592
M3,False,deprivation,3.4925361648882724e-05,4.2504792161755685e-05,0.41192682604875674,-7.513141464792332e-05,0.00010118136039692001,0.4583538603837123,4.1212416621156544e-05,0.00010056696824233945,0.6822515832268952
M3,False,social_rent,7.086460272183166e-05,3.4215107698316035e-05,0.039220069123950374,0.00010901747630889208,5.871107381151097e-05,0.0643364185291666,0.00017964373844053976,5.8698488498923115e-05,0.0024147648123107324
M3,False,density,9.402052988903255e-05,3.431854208662156e-05,0.00652780279251175,7.546371309844214e-05,4.5579462195353054e-05,0.09886296992343335,7.209920415053593e-05,4.32200037726394e-05,0.0963461633329048
M3,False,degree,6.299449608152231e-05,4.4499928963339035e-05,0.15795209372480912,,,,4.3684133676683665e-05,4.5115742366377725e-05,0.33370906489156904
M3,False,unemployment,-6.05002812025496e-07,3.92776250358241e-05,0.9877209591152749,,,,-0.0002166356831149634,6.662038848619036e-05,0.0012806852624349663
M3,True,income,-1.848819461058901e-05,3.20353185553429e-05,0.5643021511189064,-4.041591803531795e-05,3.966589430353909e-05,0.3090869696711811,-7.670688850814825e-05,4.566201761873064e-05,0.09404576916110563
M3,True,deprivation,3.56691539627534e-05,4.27193805929178e-05,0.40441814790599206,-3.67058705100373e-05,9.325429816444116e-05,0.6941549046458824,2.5393430262595645e-05,8.387572998005152e-05,0.7622947318302988
M3,True,social_rent,7.20624311505387e-05,3.266339055904284e-05,0.028144827016822305,9.003683953782146e-06,5.053093828075889e-05,0.8587034817222761,5.3781054399411644e-05,5.234141235198567e-05,0.3050303012943423
M3,True,density,0.00014108111924684508,3.444815735937411e-05,5.456218712707184e-05,6.324902566271818e-05,3.1554170342083785e-05,0.0459409326084419,6.212604116877067e-05,3.4769979848631675e-05,0.07500801387412048
M3,True,degree,3.3496560309978854e-05,3.434112388429107e-05,0.3301632016780667,,,,2.4373453104918445e-05,2.6705085395385214e-05,0.3621561830015805
M3,True,unemployment,2.7024700106310436e-06,4.017841652561638e-05,0.9464192133585498,,,,-0.0001313069744706333,5.40516757246738e-05,0.015729717604885396
M6,False,income,-1.1238403180057828e-05,2.2830884292579872e-05,0.6229143254700469,-5.914049492440914e-05,4.138885172045199e-05,0.15409842966411125,-3.971484291454436e-05,5.499552626352846e-05,0.47078017430980656
M6,False,deprivation,-2.0384226469606082e-05,3.491117476075708e-05,0.5597446932530183,-0.00010524911150212543,0.00010211001849491614,0.3035117804083636,-5.1440916544002995e-05,0.00010377588224830482,0.6204830315566965
M6,False,social_rent,-5.671011485966817e-06,2.0427273485910055e-05,0.781500167730935,2.3785339334388944e-05,4.9485099593311806e-05,0.6311192795454694,4.120926222652185e-05,5.469976125463092e-05,0.45183140234833474
M6,False,density,8.602951218849137e-06,1.9638074622152147e-05,0.6616546395636806,4.368363403789977e-05,3.115209802463077e-05,0.16189338753273796,6.207669832322541e-05,3.279985597758618e-05,0.059397879428868317
M6,False,degree,-1.066976780631505e-05,1.3123826094184906e-05,0.4168739353368487,,,,-3.009066769786801e-05,2.6996632609396457e-05,0.26593178407767515
M6,False,unemployment,-2.4111516498242003e-05,2.651440465250377e-05,0.36390003841892904,,,,-8.617047090964981e-05,6.166823384705173e-05,0.16337352553178475
M6,True,income,-1.9651074737473485e-05,2.310174331871154e-05,0.3956685835490785,-6.252154838038038e-05,3.884515670353912e-05,0.10858238592671698,-4.576414713437309e-05,4.809856528838322e-05,0.34215209630862775
M6,True,deprivation,-1.759157128740326e-05,3.557817729504403e-05,0.6213600838899147,-9.153024085372008e-05,9.900431064448975e-05,0.35598284453226015,-2.5656316126425075e-06,9.215441212813361e-05,0.9778082589048225
M6,True,social_rent,-1.6560276360181883e-06,2.1209414632691577e-05,0.9378178402560147,1.4846797948732614e-05,4.8319942500479865e-05,0.7588635556248917,2.0785238927340615e-05,5.286172493827871e-05,0.6944575896794223
M6,True,density,1.5249836463989049e-05,2.0341331800310755e-05,0.45403870211029806,4.892136772094923e-05,2.9828702510149807e-05,0.10206227526012634,5.196865135114027e-05,3.0588298379668696e-05,0.09038598215432847
M6,True,degree,-1.3617732946015406e-05,1.3531671371253298e-05,0.3150727843238501,,,,-1.4443053494995079e-05,2.379698419611624e-05,0.5443687750589703
M6,True,unemployment,-2.2582011223542673e-05,2.7045847986994587e-05,0.40442446514113906,,,,-8.618503391771807e-05,4.552257872603767e-05,0.05931155105867458
