set,moderators
income,income
deprivation,deprivation
social_rent,social_rent
density,density
income+deprivation,income+deprivation
income+social_rent,income+social_rent
income+density,income+density
deprivation+social_rent,deprivation+social_rent
deprivation+density,deprivation+density
social_rent+density,social_rent+density
income+deprivation+social_rent,income+deprivation+social_rent
income+deprivation+density,income+deprivation+density
income+social_rent+density,income+social_rent+density
deprivation+social_rent+density,deprivation+social_rent+density
income+deprivation+social_rent+density,income+deprivation+social_rent+density
degree,degree
income+deprivation+social_rent+density+degree,income+deprivation+social_rent+density+degree
unemployment,unemployment
income+deprivation+social_rent+density+unemployment,income+deprivation+social_rent+density+unemployment
all_six,income+deprivation+social_rent+density+degree+unemployment
pc1,pc1
pc1+pc2,pc1+pc2
