spec_id,label,term,coef,se,t,p,ci_low,ci_high,n_obs,n_clusters,r2_within,pct_change_per_unit,pct_change_per_1sd_x,fe,sample
M3_A_two_leads_2016_2020,A_two_leads_2016_2020,N_lead2,2.4626083092344177e-05,3.3178966320612354e-05,0.7422197199990912,0.4585487984783967,-4.067322329005876e-05,8.992538947474712e-05,33945,294,0.00040843532425771656,0.0024626386316839444,0.0388550286828826,M3,A_two_leads_2016_2020
M3_A_two_leads_2016_2020,A_two_leads_2016_2020,N_lead1,-2.6179853242665866e-06,3.7135088257169005e-05,-0.07049896599508361,0.943844616575823,-7.570330938802417e-05,7.0467338739491e-05,33945,294,0.00040843532425771656,-0.00026179818973792734,-0.004129769136240746,M3,A_two_leads_2016_2020
M3_A_two_leads_2016_2020,A_two_leads_2016_2020,N_t,2.3104715530012547e-06,3.910346387674401e-05,0.05908610961637495,0.9529238001268261,-7.464879968006368e-05,7.92697427860662e-05,33945,294,0.00040843532425771656,0.00023104742221669028,0.0036448199093319644,M3,A_two_leads_2016_2020
M3_A_two_leads_2016_2020,A_two_leads_2016_2020,N_lag1,-2.0245546210937994e-05,3.720260951703674e-05,-0.5441969387030943,0.5867198396747084,-9.346375842415819e-05,5.297266600228221e-05,33945,294,0.00040843532425771656,-0.0020245341271207806,-0.03193211492940051,M3,A_two_leads_2016_2020
M3_A_two_leads_2016_2020,A_two_leads_2016_2020,N_lag2,-5.940894988948021e-05,3.131783249183578e-05,-1.8969687606882588,0.05881529662983853,-0.00012104537096890023,2.2274711899398125e-06,33945,294,0.00040843532425771656,-0.005940718521280086,-0.09367332192014022,M3,A_two_leads_2016_2020
M3_A_two_leads_2016_2020,A_two_leads_2016_2020,N_lag3,-3.9726891070002614e-05,3.156482317062671e-05,-1.258581138099683,0.20918357060471426,-0.00010184941288722492,2.2395630747219684e-05,33945,294,0.00040843532425771656,-0.003972610196756321,-0.0626492732290318,M3,A_two_leads_2016_2020
M6_A_two_leads_2016_2020,A_two_leads_2016_2020,N_lead2,1.0900662365386641e-06,2.3523260535952924e-05,0.04633992957194893,0.9630708822576293,-4.5205908810038027e-05,4.738604128311536e-05,33945,294,0.00017162485574706565,0.00010900668305779959,0.0017195870131603286,M6,A_two_leads_2016_2020
M6_A_two_leads_2016_2020,A_two_leads_2016_2020,N_lead1,-2.1424430122741962e-05,2.4946690695139152e-05,-0.8588085042845582,0.3911482094140557,-7.052184874596527e-05,2.767298850048135e-05,33945,294,0.00017162485574706565,-0.0021424200621233958,-0.03379118532695902,M6,A_two_leads_2016_2020
M6_A_two_leads_2016_2020,A_two_leads_2016_2020,N_t,-1.8708188925835572e-05,2.9679258051911835e-05,-0.6303455730973185,0.5289598157793152,-7.711974237830677e-05,3.9703364526635625e-05,33945,294,0.00017162485574706565,-0.0018708013928780964,-0.02950768906100354,M6,A_two_leads_2016_2020
M6_A_two_leads_2016_2020,A_two_leads_2016_2020,N_lag1,-2.727707116106128e-05,3.306621930992612e-05,-0.8249225865647422,0.41008662362259307,-9.235448088992299e-05,3.780033856780044e-05,33945,294,0.00017162485574706565,-0.0027276699145151184,-0.04302014177670621,M6,A_two_leads_2016_2020
M6_A_two_leads_2016_2020,A_two_leads_2016_2020,N_lag2,-2.0758976451307618e-05,2.671665394588676e-05,-0.7770051030100507,0.4377826108828582,-7.333984815981767e-05,3.182189525720243e-05,33945,294,0.00017162485574706565,-0.0020758760985284397,-0.03274178580663367,M6,A_two_leads_2016_2020
M6_A_two_leads_2016_2020,A_two_leads_2016_2020,N_lag3,-7.884073330714815e-06,2.374934550889648e-05,-0.3319701306194501,0.7401491590068243,-5.4625004732291835e-05,3.885685807086221e-05,33945,294,0.00017162485574706565,-0.0007884042251493639,-0.012436299800322459,M6,A_two_leads_2016_2020
M3_B_one_lead_2016_2021,B_one_lead_2016_2021,N_lead1,2.0908313268019154e-05,3.673202863327035e-05,0.569212048612019,0.569648332261866,-5.138375178890241e-05,9.320037832494073e-05,40734,294,0.00044135227181218983,0.0020908531848329304,0.0329881648321928,M3,B_one_lead_2016_2021
M3_B_one_lead_2016_2021,B_one_lead_2016_2021,N_t,-1.7947613770454595e-06,4.217959502313485e-05,-0.042550464888557155,0.9660888646217425,-8.480814617891795e-05,8.121862342482704e-05,40734,294,0.00044135227181218983,-0.00017947597664713655,-0.002831184040619217,M3,B_one_lead_2016_2021
M3_B_one_lead_2016_2021,B_one_lead_2016_2021,N_lag1,2.0663574651516725e-05,3.629898424293238e-05,0.5692604099669826,0.5696155601343955,-5.077621857605938e-05,9.210336787909283e-05,40734,294,0.00044135227181218983,0.0020663788144581474,0.03260196468151122,M3,B_one_lead_2016_2021
M3_B_one_lead_2016_2021,B_one_lead_2016_2021,N_lag2,-6.833375651734306e-05,3.2625743182523565e-05,-2.094473561415974,0.03707662087258323,-0.00013254426806380044,-4.123244970885673e-06,40734,294,0.00044135227181218983,-0.006833142181938978,-0.10773796674476976,M3,B_one_lead_2016_2021
M3_B_one_lead_2016_2021,B_one_lead_2016_2021,N_lag3,-4.055063595635538e-05,3.0042558190090925e-05,-1.3497730685840987,0.1781306670155891,-9.967719803213586e-05,1.8575926119425097e-05,40734,294,0.00044135227181218983,-0.004054981379042477,-0.0639479027663814,M3,B_one_lead_2016_2021
M6_B_one_lead_2016_2021,B_one_lead_2016_2021,N_lead1,-5.179257844008265e-07,2.7798591402977897e-05,-0.018631367931302597,0.9851478599772745,-5.5228151518424964e-05,5.4192299949623305e-05,40734,294,0.00010488763193106099,-5.179256502563234e-05,-0.0008170211379332493,M6,B_one_lead_2016_2021
M6_B_one_lead_2016_2021,B_one_lead_2016_2021,N_t,-2.3447897206456916e-05,3.183622737438966e-05,-0.7365161999477158,0.4620058930139579,-8.610456786013585e-05,3.9208773447222015e-05,40734,294,0.00010488763193106099,-0.002344762230666042,-0.036982061632107044,M6,B_one_lead_2016_2021
M6_B_one_lead_2016_2021,B_one_lead_2016_2021,N_lag1,-1.4883912369747865e-06,3.194924252512795e-05,-0.04658611971173253,0.9628748309338104,-6.436748626887578e-05,6.139070379492622e-05,40734,294,0.00010488763193106099,-0.00014883901293671897,-0.002347899700216871,M6,B_one_lead_2016_2021
M6_B_one_lead_2016_2021,B_one_lead_2016_2021,N_lag2,-2.2996733416455515e-05,2.8626811713251312e-05,-0.8033284896274481,0.4224360946337411,-7.933697412050824e-05,3.3343507287597206e-05,40734,294,0.00010488763193106099,-0.002299646899361907,-0.0362706144306113,M6,B_one_lead_2016_2021
M6_B_one_lead_2016_2021,B_one_lead_2016_2021,N_lag3,-8.611129906328766e-06,2.4047477645910473e-05,-0.3580886957511396,0.7205347779054594,-5.593881321479756e-05,3.871655340214003e-05,40734,294,0.00010488763193106099,-0.000861109283067929,-0.013583077494616624,M6,B_one_lead_2016_2021
M3_C_one_lead_reaching_2023_2016_2022,C_one_lead_reaching_2023_2016_2022,N_lead1,0.0001140975033331384,3.6202107503737354e-05,3.1516812473240527,0.0017914486697261367,4.2848372581689344e-05,0.00018534663408458743,47523,294,0.0008252617433348597,0.011410401270084414,0.1801501273501982,M3,C_one_lead_reaching_2023_2016_2022
M3_C_one_lead_reaching_2023_2016_2022,C_one_lead_reaching_2023_2016_2022,N_t,6.298531542129014e-06,3.7602593833727183e-05,0.16750258160328355,0.8670901661173624,-6.770688718594574e-05,8.030395027020376e-05,47523,294,0.0008252617433348597,0.0006298551378014494,0.00993638518629325,M3,C_one_lead_reaching_2023_2016_2022
M3_C_one_lead_reaching_2023_2016_2022,C_one_lead_reaching_2023_2016_2022,N_lag1,4.362202289298471e-05,3.475117161047184e-05,1.25526768944503,0.21038180482168034,-2.477153042666501e-05,0.00011201557621263444,47523,294,0.0008252617433348597,0.004362297434723494,0.0688371324828907,M3,C_one_lead_reaching_2023_2016_2022
M3_C_one_lead_reaching_2023_2016_2022,C_one_lead_reaching_2023_2016_2022,N_lag2,-1.1023888706418829e-05,2.6992996861831527e-05,-0.4083981027688986,0.6832797289719457,-6.414862909849523e-05,4.210085168565758e-05,47523,294,0.0008252617433348597,-0.001102382794360146,-0.01738859902442602,M3,C_one_lead_reaching_2023_2016_2022
M3_C_one_lead_reaching_2023_2016_2022,C_one_lead_reaching_2023_2016_2022,N_lag3,-1.9720757634532417e-05,3.280132530129716e-05,-0.6012183182657117,0.5481594279100284,-8.427683119935639e-05,4.483531593029156e-05,47523,294,0.0008252617433348597,-0.0019720563181668815,-0.03110452536972952,M3,C_one_lead_reaching_2023_2016_2022
M6_C_one_lead_reaching_2023_2016_2022,C_one_lead_reaching_2023_2016_2022,N_lead1,5.264095293279912e-05,3.111543834660222e-05,1.6917953186588315,0.09174818843203103,-8.597137554525258e-06,0.0001138790434201235,47523,294,0.0002566762888221996,0.005264233849211486,0.08307524104780306,M6,C_one_lead_reaching_2023_2016_2022
M6_C_one_lead_reaching_2023_2016_2022,C_one_lead_reaching_2023_2016_2022,N_t,-2.095054992729115e-05,2.760656739992785e-05,-0.7588973168517107,0.4485240419556975,-7.528285447815441e-05,3.338175462357211e-05,47523,294,0.0002566762888221996,-0.002095033046600747,-0.03304389228504512,M6,C_one_lead_reaching_2023_2016_2022
M6_C_one_lead_reaching_2023_2016_2022,C_one_lead_reaching_2023_2016_2022,N_lag1,8.179577760894795e-06,2.6906297549691283e-05,0.3040023528242237,0.7613418780920094,-4.477453028260624e-05,6.113368580439583e-05,47523,294,0.0002566762888221996,0.0008179611213687821,0.0129040619452514,M6,C_one_lead_reaching_2023_2016_2022
M6_C_one_lead_reaching_2023_2016_2022,C_one_lead_reaching_2023_2016_2022,N_lag2,1.1692025868106496e-05,2.930926025598467e-05,0.3989191731892686,0.690243340136216,-4.5991337344693135e-05,6.937538908090613e-05,47523,294,0.0002566762888221996,0.0011692094220139282,0.018445793966836987,M6,C_one_lead_reaching_2023_2016_2022
M6_C_one_lead_reaching_2023_2016_2022,C_one_lead_reaching_2023_2016_2022,N_lag3,-1.5992540877648956e-06,2.6471859519631705e-05,-0.060413364107605595,0.9518676009807268,-5.369834748870896e-05,5.049983931317917e-05,47523,294,0.0002566762888221996,-0.00015992528089592284,-0.0025227808499561633,M6,C_one_lead_reaching_2023_2016_2022
