spec_id,label,term,coef,se,t,p,ci_low,ci_high,n_obs,n_clusters,r2_within,pct_change_per_unit,pct_change_per_1sd_x,fe,spec
M3_four moderators,four moderators,newbuilds_lag1_per_1000,-9.971600440799149e-06,3.2145531634834935e-05,-0.31020175849240866,0.7566280599912407,-7.323701078434754e-05,5.329380990274924e-05,54312,294,0.0009276207085193722,-0.0009971550724574563,-0.017584942290538308,M3,four moderators
M3_four moderators,four moderators,x_income,4.684587038671934e-05,6.124367193509748e-05,0.7649095638217757,0.4449410348550342,-7.368739936704115e-05,0.00016737914014047984,54312,294,0.0009276207085193722,0.004684696767154328,0.08265421381110638,M3,four moderators
M3_four moderators,four moderators,x_deprivation,-7.513141464792389e-05,0.0001011813603969201,-0.7425420487844205,0.4583538603837094,-0.00027426578757871014,0.00012400295828286233,54312,294,0.0009276207085193722,-0.007512859235392355,-0.13241833778744327,M3,four moderators
M3_four moderators,four moderators,x_social_rent,0.00010901747630889227,5.871107381151103e-05,1.8568469154368976,0.06433641852916638,-6.531403659559238e-06,0.00022456635627734377,54312,294,0.0009276207085193722,0.010902341892982115,0.192454453894908,M3,four moderators
M3_four moderators,four moderators,x_density,7.54637130984423e-05,4.557946219535303e-05,1.6556516787101552,0.09886296992343246,-1.4240928025066284e-05,0.00016516835422195086,54312,294,0.0009276207085193722,0.007546656055601453,0.13318075592645418,M3,four moderators
M3_four moderators + neighbour mean,four moderators + neighbour mean,newbuilds_lag1_per_1000,-1.544486983447413e-05,3.035187212489443e-05,-0.508860533245537,0.6112329479529133,-7.518019064016515e-05,4.4290450971216883e-05,54312,294,0.0012130914926142822,-0.001544475056303174,-0.027235752028276217,M3,four moderators + neighbour mean
M3_four moderators + neighbour mean,four moderators + neighbour mean,x_income,4.562578903446294e-05,5.993460141150963e-05,0.7612595722660654,0.44711429243902767,-7.233110759272334e-05,0.0001635826856616492,54312,294,0.0012130914926142822,0.004562682990649769,0.08050065270790441,M3,four moderators + neighbour mean
M3_four moderators + neighbour mean,four moderators + neighbour mean,x_deprivation,-8.094987915221163e-05,9.914239689778973e-05,-0.8165011305472716,0.41487691682391636,-0.00027607138137009877,0.00011417162306567553,54312,294,0.0012130914926142822,-0.008094660279911459,-0.14266600248559191,M3,four moderators + neighbour mean
M3_four moderators + neighbour mean,four moderators + neighbour mean,x_social_rent,0.00011393502088541926,5.8354403029053304e-05,1.9524665658681086,0.05183492447287796,-9.118976513137052e-07,0.00022878193942215221,54312,294,0.0012130914926142822,0.011394151172638978,0.2011443867652174,M3,four moderators + neighbour mean
M3_four moderators + neighbour mean,four moderators + neighbour mean,x_density,7.641507688910715e-05,4.50093656935634e-05,1.6977594709812796,0.09061492007976679,-1.2167561041831517e-05,0.00016499771482004583,54312,294,0.0012130914926142822,0.007641799659552362,0.13486088458807277,M3,four moderators + neighbour mean
M3_four moderators + neighbour mean,four moderators + neighbour mean,nb_mean_all,0.00015997824900259618,0.00014108720046719937,1.1338962604179583,0.25776494438912323,-0.00011769454649434083,0.0004376510444995332,54312,294,0.0012130914926142822,0.015999104620512128,0.28254525905226924,M3,four moderators + neighbour mean
M6_four moderators,four moderators,newbuilds_lag1_per_1000,1.6844769467315995e-05,2.6591653951922e-05,0.6334607654631609,0.5269269424145047,-3.5490090571486536e-05,6.917962950611852e-05,54312,294,0.00025324951196104006,0.0016844911341351576,0.029712818604088476,M6,four moderators
M6_four moderators,four moderators,x_income,-5.9140494924409194e-05,4.138885172045197e-05,-1.428899147138827,0.1540984296641108,-0.0001405976230095182,2.23166331606998e-05,54312,294,0.00025324951196104006,-0.005913874615981474,-0.10424920440950114,M6,four moderators
M6_four moderators,four moderators,x_deprivation,-0.0001052491115021255,0.00010211001849491608,-1.0307422626445386,0.30351178040836313,-0.00030621117035535913,9.571294735110813e-05,54312,294,0.00025324951196104006,-0.010524357300867315,-0.18545121878041915,M6,four moderators
M6_four moderators,four moderators,x_social_rent,2.3785339334388978e-05,4.948509959331177e-05,0.48065659218363416,0.631119279545469,-7.360596118059797e-05,0.00012117663984937592,54312,294,0.00025324951196104006,0.0023785622207839197,0.041957993725483256,M6,four moderators
M6_four moderators,four moderators,x_density,4.3683634037899747e-05,3.115209802463075e-05,1.4022694074524547,0.16189338753273796,-1.7626606121730074e-05,0.00010499387419752957,54312,294,0.00025324951196104006,0.0043684588181713835,0.077072657666033,M6,four moderators
M6_four moderators + neighbour mean,four moderators + neighbour mean,newbuilds_lag1_per_1000,1.6264467051895743e-05,2.6547496160738632e-05,0.6126554064992928,0.5405794166481517,-3.598348632719383e-05,6.851242043098533e-05,54312,294,0.0003467555846963233,0.001626459931913793,0.028689064996645364,M6,four moderators + neighbour mean
M6_four moderators + neighbour mean,four moderators + neighbour mean,x_income,-5.8847559303975476e-05,4.146217137787592e-05,-1.4193072226645695,0.15687242973623072,-0.00014044898732681354,2.2753868718862583e-05,54312,294,0.0003467555846963233,-0.005884582782034187,-0.10373310354235832,M6,four moderators + neighbour mean
M6_four moderators + neighbour mean,four moderators + neighbour mean,x_deprivation,-0.00010246183021625225,0.0001014861551398787,-1.0096138736858125,0.3135133433222457,-0.00030219606768506764,9.727240725256313e-05,54312,294,0.0003467555846963233,-0.010245658118224199,-0.18054440486042767,M6,four moderators + neighbour mean
M6_four moderators + neighbour mean,four moderators + neighbour mean,x_social_rent,2.121390720425582e-05,4.909293364162628e-05,0.43211732586842977,0.6659739768179183,-7.540557406885352e-05,0.00011783338847736517,54312,294,0.0003467555846963233,0.002121413222067048,0.03742106800881384,M6,four moderators + neighbour mean
M6_four moderators + neighbour mean,four moderators + neighbour mean,x_density,4.445128929526995e-05,3.139622515185052e-05,1.4158163626447924,0.15789138272906555,-1.7339415865063527e-05,0.00010624199445560342,54312,294,0.0003467555846963233,0.004445227726845857,0.07842759131755361,M6,four moderators + neighbour mean
M6_four moderators + neighbour mean,four moderators + neighbour mean,nb_mean_all,-7.328491160971714e-05,6.666896055071677e-05,-1.0992358513519562,0.2725675879200016,-0.0002044956563667962,5.7925833147361904e-05,54312,294,0.0003467555846963233,-0.007328222633617987,-0.12916599809911222,M6,four moderators + neighbour mean
