spec_id,formula,sample,vcov,weights,n_obs,r2_within,status,note
M0_lad,log_median_ppsqm ~ newbuilds_lag1_per_1000,main_2016_2023,lad,,54312,,ok,pooled OLS
M0_msoa,log_median_ppsqm ~ newbuilds_lag1_per_1000,main_2016_2023,msoa,,54312,,ok,pooled OLS
M1_lad,log_median_ppsqm ~ newbuilds_lag1_per_1000 | year,main_2016_2023,lad,,54312,0.0059003434636074,ok,year FE
M1_msoa,log_median_ppsqm ~ newbuilds_lag1_per_1000 | year,main_2016_2023,msoa,,54312,0.0059003434636074,ok,year FE
M2_lad,log_median_ppsqm ~ newbuilds_lag1_per_1000 | msoa11cd,main_2016_2023,lad,,54312,2.498159855313098e-06,ok,MSOA FE
M2_msoa,log_median_ppsqm ~ newbuilds_lag1_per_1000 | msoa11cd,main_2016_2023,msoa,,54312,2.498159855313098e-06,ok,MSOA FE
M3_lad,log_median_ppsqm ~ newbuilds_lag1_per_1000 | msoa11cd + year,main_2016_2023,lad,,54312,0.0001213709292984,ok,MSOA + year FE
M3_msoa,log_median_ppsqm ~ newbuilds_lag1_per_1000 | msoa11cd + year,main_2016_2023,msoa,,54312,0.0001213709292984,ok,MSOA + year FE
M4_lad,log_median_ppsqm ~ newbuilds_lag1_per_1000 | lad23cd_analysis + year,main_2016_2023,lad,,54312,0.0022580533100519,ok,LAD + year FE
M4_msoa,log_median_ppsqm ~ newbuilds_lag1_per_1000 | lad23cd_analysis + year,main_2016_2023,msoa,,54312,0.0022580533100519,ok,LAD + year FE
M5_lad,log_median_ppsqm ~ newbuilds_lag1_per_1000 | msoa11cd + region_year,main_2016_2023,lad,,54312,1.1331836423655872e-06,ok,MSOA + region x year FE
M5_msoa,log_median_ppsqm ~ newbuilds_lag1_per_1000 | msoa11cd + region_year,main_2016_2023,msoa,,54312,1.1331836423655872e-06,ok,MSOA + region x year FE
M6_lad,log_median_ppsqm ~ newbuilds_lag1_per_1000 | msoa11cd + lad_year,main_2016_2023,lad,,54312,6.1126918646792205e-06,ok,MSOA + LAD x year FE
M6_msoa,log_median_ppsqm ~ newbuilds_lag1_per_1000 | msoa11cd + lad_year,main_2016_2023,msoa,,54312,6.1126918646792205e-06,ok,MSOA + LAD x year FE
M2_year_dummies_wald,log_median_ppsqm ~ newbuilds_lag1_per_1000 + i(year) | msoa11cd,main_2016_2023,lad,,54312,0.7612176716321002,ok,cluster-robust test of year effects
mundlak_year,log_median_ppsqm ~ newbuilds_lag1_per_1000 + x_msoa_mean | year,main_2016_2023,lad,,54312,0.0108669203303541,ok,Mundlak / CRE test
wooldridge_first_difference,dy ~ dx | year,main_2016_2023,msoa,,47523,3.88796777871514e-05,ok,first-difference residuals for serial correlation
"M3_robust_main sample, lag 1 (baseline)",log_median_ppsqm ~ newbuilds_lag1_per_1000 | msoa11cd + year,"main sample, lag 1 (baseline)",lad,,54312,0.0001213709292984,ok,"main sample, lag 1 (baseline)"
"M6_robust_main sample, lag 1 (baseline)",log_median_ppsqm ~ newbuilds_lag1_per_1000 | msoa11cd + lad_year,"main sample, lag 1 (baseline)",lad,,54312,6.1126918646792205e-06,ok,"main sample, lag 1 (baseline)"
"M3_robust_full panel 2012-2023, lag 1",log_median_ppsqm ~ newbuilds_lag1_per_1000 | msoa11cd + year,"full panel 2012-2023, lag 1",lad,,81468,2.9012074532319687e-05,ok,"full panel 2012-2023, lag 1"
"M6_robust_full panel 2012-2023, lag 1",log_median_ppsqm ~ newbuilds_lag1_per_1000 | msoa11cd + lad_year,"full panel 2012-2023, lag 1",lad,,81468,9.816576393684162e-05,ok,"full panel 2012-2023, lag 1"
M3_robust_same-year construction,log_median_ppsqm ~ newbuilds_per_1000 | msoa11cd + year,same-year construction,lad,,54312,0.0004379955063968,ok,same-year construction
M6_robust_same-year construction,log_median_ppsqm ~ newbuilds_per_1000 | msoa11cd + lad_year,same-year construction,lad,,54312,2.771573835425034e-05,ok,same-year construction
M3_robust_lag 2,log_median_ppsqm ~ newbuilds_lag2_per_1000 | msoa11cd + year,lag 2,lad,,54312,8.567547557736255e-06,ok,lag 2
M6_robust_lag 2,log_median_ppsqm ~ newbuilds_lag2_per_1000 | msoa11cd + lad_year,lag 2,lad,,54312,4.462001357286027e-08,ok,lag 2
M3_robust_lag 3,log_median_ppsqm ~ newbuilds_lag3_per_1000 | msoa11cd + year,lag 3,lad,,54312,1.0046988277778723e-05,ok,lag 3
M6_robust_lag 3,log_median_ppsqm ~ newbuilds_lag3_per_1000 | msoa11cd + lad_year,lag 3,lad,,54312,6.335277502822478e-06,ok,lag 3
M3_robust_previous 3 years total,log_median_ppsqm ~ newbuilds_prev3yr_per_1000 | msoa11cd + year,previous 3 years total,lad,,54312,6.620262507084362e-06,ok,previous 3 years total
M6_robust_previous 3 years total,log_median_ppsqm ~ newbuilds_prev3yr_per_1000 | msoa11cd + lad_year,previous 3 years total,lad,,54312,5.736772247022515e-06,ok,previous 3 years total
M3_robust_log(1 + x),log_median_ppsqm ~ x_log1p | msoa11cd + year,log(1 + x),lad,,54312,0.0004053635261768,ok,log(1 + x)
M6_robust_log(1 + x),log_median_ppsqm ~ x_log1p | msoa11cd + lad_year,log(1 + x),lad,,54312,6.524723760792384e-05,ok,log(1 + x)
M3_robust_winsorised at p99,log_median_ppsqm ~ x_wins99 | msoa11cd + year,winsorised at p99,lad,,54312,0.0002417346082604,ok,winsorised at p99
M6_robust_winsorised at p99,log_median_ppsqm ~ x_wins99 | msoa11cd + lad_year,winsorised at p99,lad,,54312,4.157035120355701e-05,ok,winsorised at p99
M3_robust_trimmed above p99.9,log_median_ppsqm ~ newbuilds_lag1_per_1000 | msoa11cd + year,trimmed above p99.9,lad,,54257,0.000192713999634,ok,trimmed above p99.9
M6_robust_trimmed above p99.9,log_median_ppsqm ~ newbuilds_lag1_per_1000 | msoa11cd + lad_year,trimmed above p99.9,lad,,54257,3.5869219741191394e-05,ok,trimmed above p99.9
M3_sales_no restriction,log_median_ppsqm ~ newbuilds_lag1_per_1000 | msoa11cd + year,no restriction,lad,,54312,0.0001213709292984,ok,no restriction
M6_sales_no restriction,log_median_ppsqm ~ newbuilds_lag1_per_1000 | msoa11cd + lad_year,no restriction,lad,,54312,6.1126918646792205e-06,ok,no restriction
M3_sales_sales >= 10,log_median_ppsqm ~ newbuilds_lag1_per_1000 | msoa11cd + year,sales >= 10,lad,,54237,0.0001129985377279,ok,sales >= 10
M6_sales_sales >= 10,log_median_ppsqm ~ newbuilds_lag1_per_1000 | msoa11cd + lad_year,sales >= 10,lad,,54237,6.050897048415216e-06,ok,sales >= 10
M3_sales_sales >= 20,log_median_ppsqm ~ newbuilds_lag1_per_1000 | msoa11cd + year,sales >= 20,lad,,53855,0.0001088815619836,ok,sales >= 20
M6_sales_sales >= 20,log_median_ppsqm ~ newbuilds_lag1_per_1000 | msoa11cd + lad_year,sales >= 20,lad,,53855,5.334230917974914e-06,ok,sales >= 20
M3_sales_sales >= 30,log_median_ppsqm ~ newbuilds_lag1_per_1000 | msoa11cd + year,sales >= 30,lad,,53006,9.82525349436658e-05,ok,sales >= 30
M6_sales_sales >= 30,log_median_ppsqm ~ newbuilds_lag1_per_1000 | msoa11cd + lad_year,sales >= 30,lad,,53005,1.489333367743484e-06,ok,sales >= 30
M3_sales_sales >= 50,log_median_ppsqm ~ newbuilds_lag1_per_1000 | msoa11cd + year,sales >= 50,lad,,49289,0.0001584687914997,ok,sales >= 50
M6_sales_sales >= 50,log_median_ppsqm ~ newbuilds_lag1_per_1000 | msoa11cd + lad_year,sales >= 50,lad,,49287,1.4098527526207327e-05,ok,sales >= 50
M3_sales_weighted by sale_count,log_median_ppsqm ~ newbuilds_lag1_per_1000 | msoa11cd + year,weighted by sale_count,lad,sale_count,54312,0.0003152004988339,ok,weighted by sale_count
M6_sales_weighted by sale_count,log_median_ppsqm ~ newbuilds_lag1_per_1000 | msoa11cd + lad_year,weighted by sale_count,lad,sale_count,54312,1.663176479616002e-05,ok,weighted by sale_count
M3_sales_sales >= 30 and weighted,log_median_ppsqm ~ newbuilds_lag1_per_1000 | msoa11cd + year,sales >= 30 and weighted,lad,sale_count,53006,0.0003243694030111,ok,sales >= 30 and weighted
M6_sales_sales >= 30 and weighted,log_median_ppsqm ~ newbuilds_lag1_per_1000 | msoa11cd + lad_year,sales >= 30 and weighted,lad,sale_count,53005,1.7614781047226025e-05,ok,sales >= 30 and weighted
M3_for_variance,log_median_ppsqm ~ newbuilds_lag1_per_1000 | msoa11cd + year,main_2016_2023,lad,,54312,0.0001213709292984,ok,variance model
M3_plain_income,log_median_ppsqm ~ newbuilds_lag1_per_1000 + x_income | msoa11cd + year,main_2016_2023,lad,,54312,0.0001901832736759,ok,moderators: income; moderator x year controls: False
M3_plain_deprivation,log_median_ppsqm ~ newbuilds_lag1_per_1000 + x_deprivation | msoa11cd + year,main_2016_2023,lad,,54312,0.0001741827537415,ok,moderators: deprivation; moderator x year controls: False
M3_plain_social_rent,log_median_ppsqm ~ newbuilds_lag1_per_1000 + x_social_rent | msoa11cd + year,main_2016_2023,lad,,54312,0.000452336111368,ok,moderators: social_rent; moderator x year controls: False
M3_plain_density,log_median_ppsqm ~ newbuilds_lag1_per_1000 + x_density | msoa11cd + year,main_2016_2023,lad,,54312,0.0005230906349424,ok,moderators: density; moderator x year controls: False
M3_plain_income+deprivation,log_median_ppsqm ~ newbuilds_lag1_per_1000 + x_income + x_deprivation | msoa11cd + year,main_2016_2023,lad,,54312,0.0004478115139107,ok,moderators: income+deprivation; moderator x year controls: False
M3_plain_income+social_rent,log_median_ppsqm ~ newbuilds_lag1_per_1000 + x_income + x_social_rent | msoa11cd + year,main_2016_2023,lad,,54312,0.000756010872153,ok,moderators: income+social_rent; moderator x year controls: False
M3_plain_income+density,log_median_ppsqm ~ newbuilds_lag1_per_1000 + x_income + x_density | msoa11cd + year,main_2016_2023,lad,,54312,0.0006038152321679,ok,moderators: income+density; moderator x year controls: False
M3_plain_deprivation+social_rent,log_median_ppsqm ~ newbuilds_lag1_per_1000 + x_deprivation + x_social_rent | msoa11cd + year,main_2016_2023,lad,,54312,0.0005746570484209,ok,moderators: deprivation+social_rent; moderator x year controls: False
M3_plain_deprivation+density,log_median_ppsqm ~ newbuilds_lag1_per_1000 + x_deprivation + x_density | msoa11cd + year,main_2016_2023,lad,,54312,0.000530619581174,ok,moderators: deprivation+density; moderator x year controls: False
M3_plain_social_rent+density,log_median_ppsqm ~ newbuilds_lag1_per_1000 + x_social_rent + x_density | msoa11cd + year,main_2016_2023,lad,,54312,0.0006377251512429,ok,moderators: social_rent+density; moderator x year controls: False
M3_plain_income+deprivation+social_rent,log_median_ppsqm ~ newbuilds_lag1_per_1000 + x_income + x_deprivation + x_social_rent | msoa11cd + year,main_2016_2023,lad,,54312,0.0007602191077078,ok,moderators: income+deprivation+social_rent; moderator x year controls: False
M3_plain_income+deprivation+density,log_median_ppsqm ~ newbuilds_lag1_per_1000 + x_income + x_deprivation + x_density | msoa11cd + year,main_2016_2023,lad,,54312,0.0006283370023936,ok,moderators: income+deprivation+density; moderator x year controls: False
M3_plain_income+social_rent+density,log_median_ppsqm ~ newbuilds_lag1_per_1000 + x_income + x_social_rent + x_density | msoa11cd + year,main_2016_2023,lad,,54312,0.0008721161367469,ok,moderators: income+social_rent+density; moderator x year controls: False
M3_plain_deprivation+social_rent+density,log_median_ppsqm ~ newbuilds_lag1_per_1000 + x_deprivation + x_social_rent + x_density | msoa11cd + year,main_2016_2023,lad,,54312,0.000870824615508,ok,moderators: deprivation+social_rent+density; moderator x year controls: False
M3_plain_income+deprivation+social_rent+density,log_median_ppsqm ~ newbuilds_lag1_per_1000 + x_income + x_deprivation + x_social_rent + x_density | msoa11cd + year,main_2016_2023,lad,,54312,0.0009276207085193,ok,moderators: income+deprivation+social_rent+density; moderator x year controls: False
M3_plain_degree,log_median_ppsqm ~ newbuilds_lag1_per_1000 + x_degree | msoa11cd + year,main_2016_2023,lad,,54312,0.0004423543651508,ok,moderators: degree; moderator x year controls: False
M3_plain_income+deprivation+social_rent+density+degree,log_median_ppsqm ~ newbuilds_lag1_per_1000 + x_income + x_deprivation + x_social_rent + x_density + x_degree | msoa11cd + year,main_2016_2023,lad,,54312,0.0011260171600108,ok,moderators: income+deprivation+social_rent+density+degree; moderator x year controls: False
M3_plain_unemployment,log_median_ppsqm ~ newbuilds_lag1_per_1000 + x_unemployment | msoa11cd + year,main_2016_2023,lad,,54312,0.0001213891932042,ok,moderators: unemployment; moderator x year controls: False
M3_plain_income+deprivation+social_rent+density+unemployment,log_median_ppsqm ~ newbuilds_lag1_per_1000 + x_income + x_deprivation + x_social_rent + x_density + x_unemployment | msoa11cd + year,main_2016_2023,lad,,54312,0.0014826467412919,ok,moderators: income+deprivation+social_rent+density+unemployment; moderator x year controls: False
M3_plain_all_six,log_median_ppsqm ~ newbuilds_lag1_per_1000 + x_income + x_deprivation + x_social_rent + x_density + x_degree + x_unemployment | msoa11cd + year,main_2016_2023,lad,,54312,0.0015333506105759,ok,moderators: income+deprivation+social_rent+density+degree+unemployment; moderator x year controls: False
M3_plain_pc1,log_median_ppsqm ~ newbuilds_lag1_per_1000 + x_pc1 | msoa11cd + year,main_2016_2023,lad,,54312,0.0002468414245161,ok,moderators: pc1; moderator x year controls: False
M3_plain_pc1+pc2,log_median_ppsqm ~ newbuilds_lag1_per_1000 + x_pc1 + x_pc2 | msoa11cd + year,main_2016_2023,lad,,54312,0.0007248675460933,ok,moderators: pc1+pc2; moderator x year controls: False
M3_zyear_income,"log_median_ppsqm ~ newbuilds_lag1_per_1000 + x_income + i(year, income_z_eda, ref=2016) | msoa11cd + year",main_2016_2023,lad,,54312,0.2265862218907041,ok,moderators: income; moderator x year controls: True
M3_zyear_deprivation,"log_median_ppsqm ~ newbuilds_lag1_per_1000 + x_deprivation + i(year, deprivation_z_eda, ref=2016) | msoa11cd + year",main_2016_2023,lad,,54312,0.0567778375570801,ok,moderators: deprivation; moderator x year controls: True
M3_zyear_social_rent,"log_median_ppsqm ~ newbuilds_lag1_per_1000 + x_social_rent + i(year, social_rent_z_eda, ref=2016) | msoa11cd + year",main_2016_2023,lad,,54312,0.0018337336035437,ok,moderators: social_rent; moderator x year controls: True
M3_zyear_density,"log_median_ppsqm ~ newbuilds_lag1_per_1000 + x_density + i(year, density_z_eda, ref=2016) | msoa11cd + year",main_2016_2023,lad,,54312,0.0251671914085297,ok,moderators: density; moderator x year controls: True
M3_zyear_income+deprivation,"log_median_ppsqm ~ newbuilds_lag1_per_1000 + x_income + x_deprivation + i(year, income_z_eda, ref=2016) + i(year, deprivation_z_eda, ref=2016) | msoa11cd + year",main_2016_2023,lad,,54312,0.2523900716806188,ok,moderators: income+deprivation; moderator x year controls: True
M3_zyear_income+social_rent,"log_median_ppsqm ~ newbuilds_lag1_per_1000 + x_income + x_social_rent + i(year, income_z_eda, ref=2016) + i(year, social_rent_z_eda, ref=2016) | msoa11cd + year",main_2016_2023,lad,,54312,0.2771892653395557,ok,moderators: income+social_rent; moderator x year controls: True
M3_zyear_income+density,"log_median_ppsqm ~ newbuilds_lag1_per_1000 + x_income + x_density + i(year, income_z_eda, ref=2016) + i(year, density_z_eda, ref=2016) | msoa11cd + year",main_2016_2023,lad,,54312,0.2665794724400772,ok,moderators: income+density; moderator x year controls: True
M3_zyear_deprivation+social_rent,"log_median_ppsqm ~ newbuilds_lag1_per_1000 + x_deprivation + x_social_rent + i(year, deprivation_z_eda, ref=2016) + i(year, social_rent_z_eda, ref=2016) | msoa11cd + year",main_2016_2023,lad,,54312,0.1188420018022434,ok,moderators: deprivation+social_rent; moderator x year controls: True
M3_zyear_deprivation+density,"log_median_ppsqm ~ newbuilds_lag1_per_1000 + x_deprivation + x_density + i(year, deprivation_z_eda, ref=2016) + i(year, density_z_eda, ref=2016) | msoa11cd + year",main_2016_2023,lad,,54312,0.1335937598421399,ok,moderators: deprivation+density; moderator x year controls: True
M3_zyear_social_rent+density,"log_median_ppsqm ~ newbuilds_lag1_per_1000 + x_social_rent + x_density + i(year, social_rent_z_eda, ref=2016) + i(year, density_z_eda, ref=2016) | msoa11cd + year",main_2016_2023,lad,,54312,0.0312063757098596,ok,moderators: social_rent+density; moderator x year controls: True
M3_zyear_income+deprivation+social_rent,"log_median_ppsqm ~ newbuilds_lag1_per_1000 + x_income + x_deprivation + x_social_rent + i(year, income_z_eda, ref=2016) + i(year, deprivation_z_eda, ref=2016) + i(year, social_rent_z_eda, ref=2016) | msoa11cd + year",main_2016_2023,lad,,54312,0.2792624970704446,ok,moderators: income+deprivation+social_rent; moderator x year controls: True
M3_zyear_income+deprivation+density,"log_median_ppsqm ~ newbuilds_lag1_per_1000 + x_income + x_deprivation + x_density + i(year, income_z_eda, ref=2016) + i(year, deprivation_z_eda, ref=2016) + i(year, density_z_eda, ref=2016) | msoa11cd + year",main_2016_2023,lad,,54312,0.2723072832285641,ok,moderators: income+deprivation+density; moderator x year controls: True
M3_zyear_income+social_rent+density,"log_median_ppsqm ~ newbuilds_lag1_per_1000 + x_income + x_social_rent + x_density + i(year, income_z_eda, ref=2016) + i(year, social_rent_z_eda, ref=2016) + i(year, density_z_eda, ref=2016) | msoa11cd + year",main_2016_2023,lad,,54312,0.292996896398591,ok,moderators: income+social_rent+density; moderator x year controls: True
M3_zyear_deprivation+social_rent+density,"log_median_ppsqm ~ newbuilds_lag1_per_1000 + x_deprivation + x_social_rent + x_density + i(year, deprivation_z_eda, ref=2016) + i(year, social_rent_z_eda, ref=2016) + i(year, density_z_eda, ref=2016) | msoa11cd + year",main_2016_2023,lad,,54312,0.1832508463564477,ok,moderators: deprivation+social_rent+density; moderator x year controls: True
M3_zyear_income+deprivation+social_rent+density,"log_median_ppsqm ~ newbuilds_lag1_per_1000 + x_income + x_deprivation + x_social_rent + x_density + i(year, income_z_eda, ref=2016) + i(year, deprivation_z_eda, ref=2016) + i(year, social_rent_z_eda, ref=2016) + i(year, density_z_eda, ref=2016) | msoa11cd + year",main_2016_2023,lad,,54312,0.2976576595112336,ok,moderators: income+deprivation+social_rent+density; moderator x year controls: True
M3_zyear_degree,"log_median_ppsqm ~ newbuilds_lag1_per_1000 + x_degree + i(year, degree_z_eda, ref=2016) | msoa11cd + year",main_2016_2023,lad,,54312,0.1684223706302561,ok,moderators: degree; moderator x year controls: True
M3_zyear_income+deprivation+social_rent+density+degree,"log_median_ppsqm ~ newbuilds_lag1_per_1000 + x_income + x_deprivation + x_social_rent + x_density + x_degree + i(year, income_z_eda, ref=2016) + i(year, deprivation_z_eda, ref=2016) + i(year, social_rent_z_eda, ref=2016) + i(year, density_z_eda, ref=2016) + i(year, degree_z_eda, ref=2016) | msoa11cd + year",main_2016_2023,lad,,54312,0.3000083658947242,ok,moderators: income+deprivation+social_rent+density+degree; moderator x year controls: True
M3_zyear_unemployment,"log_median_ppsqm ~ newbuilds_lag1_per_1000 + x_unemployment + i(year, unemployment_z_eda, ref=2016) | msoa11cd + year",main_2016_2023,lad,,54312,0.0295527518018282,ok,moderators: unemployment; moderator x year controls: True
M3_zyear_income+deprivation+social_rent+density+unemployment,"log_median_ppsqm ~ newbuilds_lag1_per_1000 + x_income + x_deprivation + x_social_rent + x_density + x_unemployment + i(year, income_z_eda, ref=2016) + i(year, deprivation_z_eda, ref=2016) + i(year, social_rent_z_eda, ref=2016) + i(year, density_z_eda, ref=2016) + i(year, unemployment_z_eda, ref=2016) | msoa11cd + year",main_2016_2023,lad,,54312,0.3008928075239599,ok,moderators: income+deprivation+social_rent+density+unemployment; moderator x year controls: True
M3_zyear_all_six,"log_median_ppsqm ~ newbuilds_lag1_per_1000 + x_income + x_deprivation + x_social_rent + x_density + x_degree + x_unemployment + i(year, income_z_eda, ref=2016) + i(year, deprivation_z_eda, ref=2016) + i(year, social_rent_z_eda, ref=2016) + i(year, density_z_eda, ref=2016) + i(year, degree_z_eda, ref=2016) + i(year, unemployment_z_eda, ref=2016) | msoa11cd + year",main_2016_2023,lad,,54312,0.303166992781447,ok,moderators: income+deprivation+social_rent+density+degree+unemployment; moderator x year controls: True
M3_zyear_pc1,"log_median_ppsqm ~ newbuilds_lag1_per_1000 + x_pc1 + i(year, pc1_z_eda, ref=2016) | msoa11cd + year",main_2016_2023,lad,,54312,0.044212152705827,ok,moderators: pc1; moderator x year controls: True
M3_zyear_pc1+pc2,"log_median_ppsqm ~ newbuilds_lag1_per_1000 + x_pc1 + x_pc2 + i(year, pc1_z_eda, ref=2016) + i(year, pc2_z_eda, ref=2016) | msoa11cd + year",main_2016_2023,lad,,54312,0.2257250401800077,ok,moderators: pc1+pc2; moderator x year controls: True
M6_plain_income,log_median_ppsqm ~ newbuilds_lag1_per_1000 + x_income | msoa11cd + lad_year,main_2016_2023,lad,,54312,1.8088977226438097e-05,ok,moderators: income; moderator x year controls: False
M6_plain_deprivation,log_median_ppsqm ~ newbuilds_lag1_per_1000 + x_deprivation | msoa11cd + lad_year,main_2016_2023,lad,,54312,3.897480763970229e-05,ok,moderators: deprivation; moderator x year controls: False
M6_plain_social_rent,log_median_ppsqm ~ newbuilds_lag1_per_1000 + x_social_rent | msoa11cd + lad_year,main_2016_2023,lad,,54312,1.0001048680652325e-05,ok,moderators: social_rent; moderator x year controls: False
M6_plain_density,log_median_ppsqm ~ newbuilds_lag1_per_1000 + x_density | msoa11cd + lad_year,main_2016_2023,lad,,54312,1.216776189516544e-05,ok,moderators: density; moderator x year controls: False
M6_plain_income+deprivation,log_median_ppsqm ~ newbuilds_lag1_per_1000 + x_income + x_deprivation | msoa11cd + lad_year,main_2016_2023,lad,,54312,0.0001216823062216,ok,moderators: income+deprivation; moderator x year controls: False
M6_plain_income+social_rent,log_median_ppsqm ~ newbuilds_lag1_per_1000 + x_income + x_social_rent | msoa11cd + lad_year,main_2016_2023,lad,,54312,3.225281016661086e-05,ok,moderators: income+social_rent; moderator x year controls: False
M6_plain_income+density,log_median_ppsqm ~ newbuilds_lag1_per_1000 + x_income + x_density | msoa11cd + lad_year,main_2016_2023,lad,,54312,2.359495127302047e-05,ok,moderators: income+density; moderator x year controls: False
M6_plain_deprivation+social_rent,log_median_ppsqm ~ newbuilds_lag1_per_1000 + x_deprivation + x_social_rent | msoa11cd + lad_year,main_2016_2023,lad,,54312,5.493868542916225e-05,ok,moderators: deprivation+social_rent; moderator x year controls: False
M6_plain_deprivation+density,log_median_ppsqm ~ newbuilds_lag1_per_1000 + x_deprivation + x_density | msoa11cd + lad_year,main_2016_2023,lad,,54312,7.386180950330612e-05,ok,moderators: deprivation+density; moderator x year controls: False
M6_plain_social_rent+density,log_median_ppsqm ~ newbuilds_lag1_per_1000 + x_social_rent + x_density | msoa11cd + lad_year,main_2016_2023,lad,,54312,2.309959027146924e-05,ok,moderators: social_rent+density; moderator x year controls: False
M6_plain_income+deprivation+social_rent,log_median_ppsqm ~ newbuilds_lag1_per_1000 + x_income + x_deprivation + x_social_rent | msoa11cd + lad_year,main_2016_2023,lad,,54312,0.0001510348400706,ok,moderators: income+deprivation+social_rent; moderator x year controls: False
M6_plain_income+deprivation+density,log_median_ppsqm ~ newbuilds_lag1_per_1000 + x_income + x_deprivation + x_density | msoa11cd + lad_year,main_2016_2023,lad,,54312,0.0002270947172148,ok,moderators: income+deprivation+density; moderator x year controls: False
M6_plain_income+social_rent+density,log_median_ppsqm ~ newbuilds_lag1_per_1000 + x_income + x_social_rent + x_density | msoa11cd + lad_year,main_2016_2023,lad,,54312,5.247036518785109e-05,ok,moderators: income+social_rent+density; moderator x year controls: False
M6_plain_deprivation+social_rent+density,log_median_ppsqm ~ newbuilds_lag1_per_1000 + x_deprivation + x_social_rent + x_density | msoa11cd + lad_year,main_2016_2023,lad,,54312,8.613457085504539e-05,ok,moderators: deprivation+social_rent+density; moderator x year controls: False
M6_plain_income+deprivation+social_rent+density,log_median_ppsqm ~ newbuilds_lag1_per_1000 + x_income + x_deprivation + x_social_rent + x_density | msoa11cd + lad_year,main_2016_2023,lad,,54312,0.000253249511961,ok,moderators: income+deprivation+social_rent+density; moderator x year controls: False
M6_plain_degree,log_median_ppsqm ~ newbuilds_lag1_per_1000 + x_degree | msoa11cd + lad_year,main_2016_2023,lad,,54312,2.3064112251947044e-05,ok,moderators: degree; moderator x year controls: False
M6_plain_income+deprivation+social_rent+density+degree,log_median_ppsqm ~ newbuilds_lag1_per_1000 + x_income + x_deprivation + x_social_rent + x_density + x_degree | msoa11cd + lad_year,main_2016_2023,lad,,54312,0.0002650746060174,ok,moderators: income+deprivation+social_rent+density+degree; moderator x year controls: False
M6_plain_unemployment,log_median_ppsqm ~ newbuilds_lag1_per_1000 + x_unemployment | msoa11cd + lad_year,main_2016_2023,lad,,54312,5.931654352775429e-05,ok,moderators: unemployment; moderator x year controls: False
M6_plain_income+deprivation+social_rent+density+unemployment,log_median_ppsqm ~ newbuilds_lag1_per_1000 + x_income + x_deprivation + x_social_rent + x_density + x_unemployment | msoa11cd + lad_year,main_2016_2023,lad,,54312,0.000340451345981,ok,moderators: income+deprivation+social_rent+density+unemployment; moderator x year controls: False
M6_plain_all_six,log_median_ppsqm ~ newbuilds_lag1_per_1000 + x_income + x_deprivation + x_social_rent + x_density + x_degree + x_unemployment | msoa11cd + lad_year,main_2016_2023,lad,,54312,0.0003847488881658,ok,moderators: income+deprivation+social_rent+density+degree+unemployment; moderator x year controls: False
M6_plain_pc1,log_median_ppsqm ~ newbuilds_lag1_per_1000 + x_pc1 | msoa11cd + lad_year,main_2016_2023,lad,,54312,7.640303751221822e-06,ok,moderators: pc1; moderator x year controls: False
M6_plain_pc1+pc2,log_median_ppsqm ~ newbuilds_lag1_per_1000 + x_pc1 + x_pc2 | msoa11cd + lad_year,main_2016_2023,lad,,54312,7.763091230184038e-06,ok,moderators: pc1+pc2; moderator x year controls: False
M6_zyear_income,"log_median_ppsqm ~ newbuilds_lag1_per_1000 + x_income + i(year, income_z_eda, ref=2016) | msoa11cd + lad_year",main_2016_2023,lad,,54312,0.0191119397390094,ok,moderators: income; moderator x year controls: True
M6_zyear_deprivation,"log_median_ppsqm ~ newbuilds_lag1_per_1000 + x_deprivation + i(year, deprivation_z_eda, ref=2016) | msoa11cd + lad_year",main_2016_2023,lad,,54312,0.0180399260617675,ok,moderators: deprivation; moderator x year controls: True
M6_zyear_social_rent,"log_median_ppsqm ~ newbuilds_lag1_per_1000 + x_social_rent + i(year, social_rent_z_eda, ref=2016) | msoa11cd + lad_year",main_2016_2023,lad,,54312,0.0071345762523943,ok,moderators: social_rent; moderator x year controls: True
M6_zyear_density,"log_median_ppsqm ~ newbuilds_lag1_per_1000 + x_density + i(year, density_z_eda, ref=2016) | msoa11cd + lad_year",main_2016_2023,lad,,54312,0.0015596977411586,ok,moderators: density; moderator x year controls: True
M6_zyear_income+deprivation,"log_median_ppsqm ~ newbuilds_lag1_per_1000 + x_income + x_deprivation + i(year, income_z_eda, ref=2016) + i(year, deprivation_z_eda, ref=2016) | msoa11cd + lad_year",main_2016_2023,lad,,54312,0.0212608364236542,ok,moderators: income+deprivation; moderator x year controls: True
M6_zyear_income+social_rent,"log_median_ppsqm ~ newbuilds_lag1_per_1000 + x_income + x_social_rent + i(year, income_z_eda, ref=2016) + i(year, social_rent_z_eda, ref=2016) | msoa11cd + lad_year",main_2016_2023,lad,,54312,0.0199392609044145,ok,moderators: income+social_rent; moderator x year controls: True
M6_zyear_income+density,"log_median_ppsqm ~ newbuilds_lag1_per_1000 + x_income + x_density + i(year, income_z_eda, ref=2016) + i(year, density_z_eda, ref=2016) | msoa11cd + lad_year",main_2016_2023,lad,,54312,0.0274267863441286,ok,moderators: income+density; moderator x year controls: True
M6_zyear_deprivation+social_rent,"log_median_ppsqm ~ newbuilds_lag1_per_1000 + x_deprivation + x_social_rent + i(year, deprivation_z_eda, ref=2016) + i(year, social_rent_z_eda, ref=2016) | msoa11cd + lad_year",main_2016_2023,lad,,54312,0.0203679937134056,ok,moderators: deprivation+social_rent; moderator x year controls: True
M6_zyear_deprivation+density,"log_median_ppsqm ~ newbuilds_lag1_per_1000 + x_deprivation + x_density + i(year, deprivation_z_eda, ref=2016) + i(year, density_z_eda, ref=2016) | msoa11cd + lad_year",main_2016_2023,lad,,54312,0.0258099960352412,ok,moderators: deprivation+density; moderator x year controls: True
M6_zyear_social_rent+density,"log_median_ppsqm ~ newbuilds_lag1_per_1000 + x_social_rent + x_density + i(year, social_rent_z_eda, ref=2016) + i(year, density_z_eda, ref=2016) | msoa11cd + lad_year",main_2016_2023,lad,,54312,0.0105613216567183,ok,moderators: social_rent+density; moderator x year controls: True
M6_zyear_income+deprivation+social_rent,"log_median_ppsqm ~ newbuilds_lag1_per_1000 + x_income + x_deprivation + x_social_rent + i(year, income_z_eda, ref=2016) + i(year, deprivation_z_eda, ref=2016) + i(year, social_rent_z_eda, ref=2016) | msoa11cd + lad_year",main_2016_2023,lad,,54312,0.0244581000784455,ok,moderators: income+deprivation+social_rent; moderator x year controls: True
M6_zyear_income+deprivation+density,"log_median_ppsqm ~ newbuilds_lag1_per_1000 + x_income + x_deprivation + x_density + i(year, income_z_eda, ref=2016) + i(year, deprivation_z_eda, ref=2016) + i(year, density_z_eda, ref=2016) | msoa11cd + lad_year",main_2016_2023,lad,,54312,0.0303901663826998,ok,moderators: income+deprivation+density; moderator x year controls: True
M6_zyear_income+social_rent+density,"log_median_ppsqm ~ newbuilds_lag1_per_1000 + x_income + x_social_rent + x_density + i(year, income_z_eda, ref=2016) + i(year, social_rent_z_eda, ref=2016) + i(year, density_z_eda, ref=2016) | msoa11cd + lad_year",main_2016_2023,lad,,54312,0.0284292358932694,ok,moderators: income+social_rent+density; moderator x year controls: True
M6_zyear_deprivation+social_rent+density,"log_median_ppsqm ~ newbuilds_lag1_per_1000 + x_deprivation + x_social_rent + x_density + i(year, deprivation_z_eda, ref=2016) + i(year, social_rent_z_eda, ref=2016) + i(year, density_z_eda, ref=2016) | msoa11cd + lad_year",main_2016_2023,lad,,54312,0.0288177104139925,ok,moderators: deprivation+social_rent+density; moderator x year controls: True
M6_zyear_income+deprivation+social_rent+density,"log_median_ppsqm ~ newbuilds_lag1_per_1000 + x_income + x_deprivation + x_social_rent + x_density + i(year, income_z_eda, ref=2016) + i(year, deprivation_z_eda, ref=2016) + i(year, social_rent_z_eda, ref=2016) + i(year, density_z_eda, ref=2016) | msoa11cd + lad_year",main_2016_2023,lad,,54312,0.0348487128401567,ok,moderators: income+deprivation+social_rent+density; moderator x year controls: True
M6_zyear_degree,"log_median_ppsqm ~ newbuilds_lag1_per_1000 + x_degree + i(year, degree_z_eda, ref=2016) | msoa11cd + lad_year",main_2016_2023,lad,,54312,0.0337025884285367,ok,moderators: degree; moderator x year controls: True
M6_zyear_income+deprivation+social_rent+density+degree,"log_median_ppsqm ~ newbuilds_lag1_per_1000 + x_income + x_deprivation + x_social_rent + x_density + x_degree + i(year, income_z_eda, ref=2016) + i(year, deprivation_z_eda, ref=2016) + i(year, social_rent_z_eda, ref=2016) + i(year, density_z_eda, ref=2016) + i(year, degree_z_eda, ref=2016) | msoa11cd + lad_year",main_2016_2023,lad,,54312,0.0528253392275499,ok,moderators: income+deprivation+social_rent+density+degree; moderator x year controls: True
M6_zyear_unemployment,"log_median_ppsqm ~ newbuilds_lag1_per_1000 + x_unemployment + i(year, unemployment_z_eda, ref=2016) | msoa11cd + lad_year",main_2016_2023,lad,,54312,0.0182816192005055,ok,moderators: unemployment; moderator x year controls: True
M6_zyear_income+deprivation+social_rent+density+unemployment,"log_median_ppsqm ~ newbuilds_lag1_per_1000 + x_income + x_deprivation + x_social_rent + x_density + x_unemployment + i(year, income_z_eda, ref=2016) + i(year, deprivation_z_eda, ref=2016) + i(year, social_rent_z_eda, ref=2016) + i(year, density_z_eda, ref=2016) + i(year, unemployment_z_eda, ref=2016) | msoa11cd + lad_year",main_2016_2023,lad,,54312,0.0360445712614311,ok,moderators: income+deprivation+social_rent+density+unemployment; moderator x year controls: True
M6_zyear_all_six,"log_median_ppsqm ~ newbuilds_lag1_per_1000 + x_income + x_deprivation + x_social_rent + x_density + x_degree + x_unemployment + i(year, income_z_eda, ref=2016) + i(year, deprivation_z_eda, ref=2016) + i(year, social_rent_z_eda, ref=2016) + i(year, density_z_eda, ref=2016) + i(year, degree_z_eda, ref=2016) + i(year, unemployment_z_eda, ref=2016) | msoa11cd + lad_year",main_2016_2023,lad,,54312,0.0568539980132938,ok,moderators: income+deprivation+social_rent+density+degree+unemployment; moderator x year controls: True
M6_zyear_pc1,"log_median_ppsqm ~ newbuilds_lag1_per_1000 + x_pc1 + i(year, pc1_z_eda, ref=2016) | msoa11cd + lad_year",main_2016_2023,lad,,54312,0.011930221410616,ok,moderators: pc1; moderator x year controls: True
M6_zyear_pc1+pc2,"log_median_ppsqm ~ newbuilds_lag1_per_1000 + x_pc1 + x_pc2 + i(year, pc1_z_eda, ref=2016) + i(year, pc2_z_eda, ref=2016) | msoa11cd + lad_year",main_2016_2023,lad,,54312,0.0273869131423462,ok,moderators: pc1+pc2; moderator x year controls: True
M3_eventstudy_A_two_leads_2016_2020,log_median_ppsqm ~ N_lead2 + N_lead1 + N_t + N_lag1 + N_lag2 + N_lag3 | msoa11cd + year,A_two_leads_2016_2020,lad,,33945,0.0004084353242577,ok,A_two_leads_2016_2020
M6_eventstudy_A_two_leads_2016_2020,log_median_ppsqm ~ N_lead2 + N_lead1 + N_t + N_lag1 + N_lag2 + N_lag3 | msoa11cd + lad_year,A_two_leads_2016_2020,lad,,33945,0.000171624855747,ok,A_two_leads_2016_2020
M3_eventstudy_B_one_lead_2016_2021,log_median_ppsqm ~ N_lead1 + N_t + N_lag1 + N_lag2 + N_lag3 | msoa11cd + year,B_one_lead_2016_2021,lad,,40734,0.0004413522718121,ok,B_one_lead_2016_2021
M6_eventstudy_B_one_lead_2016_2021,log_median_ppsqm ~ N_lead1 + N_t + N_lag1 + N_lag2 + N_lag3 | msoa11cd + lad_year,B_one_lead_2016_2021,lad,,40734,0.000104887631931,ok,B_one_lead_2016_2021
M3_eventstudy_C_one_lead_reaching_2023_2016_2022,log_median_ppsqm ~ N_lead1 + N_t + N_lag1 + N_lag2 + N_lag3 | msoa11cd + year,C_one_lead_reaching_2023_2016_2022,lad,,47523,0.0008252617433348,ok,C_one_lead_reaching_2023_2016_2022
M6_eventstudy_C_one_lead_reaching_2023_2016_2022,log_median_ppsqm ~ N_lead1 + N_t + N_lag1 + N_lag2 + N_lag3 | msoa11cd + lad_year,C_one_lead_reaching_2023_2016_2022,lad,,47523,0.0002566762888221,ok,C_one_lead_reaching_2023_2016_2022
M3_reverse_no lagged construction,N_t ~ dlp_l1 + dlp_l2 | msoa11cd + year,2016-2023,lad,,40734,9.7110290396607e-05,ok,reverse direction
M3_reverse_with lagged construction,N_t ~ dlp_l1 + dlp_l2 + N_lag1 | msoa11cd + year,2016-2023,lad,,40734,0.0168351666665734,ok,reverse direction
M6_reverse_no lagged construction,N_t ~ dlp_l1 + dlp_l2 | msoa11cd + lad_year,2016-2023,lad,,40734,5.1037133955822434e-05,ok,reverse direction
M6_reverse_with lagged construction,N_t ~ dlp_l1 + dlp_l2 + N_lag1 | msoa11cd + lad_year,2016-2023,lad,,40734,0.0145423104094469,ok,reverse direction
pre_period_balance_region FE only,log1p_cum ~ pre_growth_2012_2015 | region_code,cross-section,lad,,6791,0.000234964361518,ok,region FE only
pre_period_balance_no FE,log1p_cum ~ pre_growth_2012_2015,cross-section,lad,,6791,,ok,no FE
M3_pretrend_event_study,"log_median_ppsqm ~ i(year, top_q, ref=2015) | msoa11cd + year",2012-2023,lad,,81468,0.0020421691615939,ok,top-quartile construction x year
M6_pretrend_event_study,"log_median_ppsqm ~ i(year, top_q, ref=2015) | msoa11cd + lad_year",2012-2023,lad,,81468,0.0010348532342251,ok,top-quartile construction x year
M3_prelim_own only (full sample),log_median_ppsqm ~ newbuilds_lag1_per_1000 | msoa11cd + year,main_2016_2023,lad,,54312,0.0001213709292984,ok,own only (full sample)
M3_prelim_own + all-neighbour mean,log_median_ppsqm ~ newbuilds_lag1_per_1000 + nb_mean_all | msoa11cd + year,main_2016_2023,lad,,54312,0.0003752877374922,ok,own + all-neighbour mean
M3_prelim_own only (cross-LAD-neighbour sample),log_median_ppsqm ~ newbuilds_lag1_per_1000 | msoa11cd + year,main_2016_2023,lad,,27192,0.0002214206433479,ok,own only (cross-LAD-neighbour sample)
M3_prelim_own + cross-LAD neighbour mean,log_median_ppsqm ~ newbuilds_lag1_per_1000 + nb_mean_cross_lad_legacy | msoa11cd + year,main_2016_2023,lad,,27192,0.000484427805926,ok,own + cross-LAD neighbour mean
M6_prelim_own only (full sample),log_median_ppsqm ~ newbuilds_lag1_per_1000 | msoa11cd + lad_year,main_2016_2023,lad,,54312,6.1126918646792205e-06,ok,own only (full sample)
M6_prelim_own + all-neighbour mean,log_median_ppsqm ~ newbuilds_lag1_per_1000 + nb_mean_all | msoa11cd + lad_year,main_2016_2023,lad,,54312,0.0001043188777235,ok,own + all-neighbour mean
M6_prelim_own only (cross-LAD-neighbour sample),log_median_ppsqm ~ newbuilds_lag1_per_1000 | msoa11cd + lad_year,main_2016_2023,lad,,27192,8.606210940564907e-07,ok,own only (cross-LAD-neighbour sample)
M6_prelim_own + cross-LAD neighbour mean,log_median_ppsqm ~ newbuilds_lag1_per_1000 + nb_mean_cross_lad_legacy | msoa11cd + lad_year,main_2016_2023,lad,,27192,1.083355147080134e-05,ok,own + cross-LAD neighbour mean
M3_prelim_mods_four moderators,log_median_ppsqm ~ newbuilds_lag1_per_1000 + x_income + x_deprivation + x_social_rent + x_density | msoa11cd + year,main_2016_2023,lad,,54312,0.0009276207085193,ok,four moderators
M3_prelim_mods_four moderators + neighbour mean,log_median_ppsqm ~ newbuilds_lag1_per_1000 + x_income + x_deprivation + x_social_rent + x_density + nb_mean_all | msoa11cd + year,main_2016_2023,lad,,54312,0.0012130914926142,ok,four moderators + neighbour mean
M6_prelim_mods_four moderators,log_median_ppsqm ~ newbuilds_lag1_per_1000 + x_income + x_deprivation + x_social_rent + x_density | msoa11cd + lad_year,main_2016_2023,lad,,54312,0.000253249511961,ok,four moderators
M6_prelim_mods_four moderators + neighbour mean,log_median_ppsqm ~ newbuilds_lag1_per_1000 + x_income + x_deprivation + x_social_rent + x_density + nb_mean_all | msoa11cd + lad_year,main_2016_2023,lad,,54312,0.0003467555846963,ok,four moderators + neighbour mean
M3_spillcomp_1 own only,log_median_ppsqm ~ newbuilds_lag1_per_1000 | msoa11cd + year,common spillover sample,lad,,50480,0.000124648196319,ok,1 own only
M3_spillcomp_2 + queen mean of rates,log_median_ppsqm ~ newbuilds_lag1_per_1000 + nbr_queen_nb_mean_rate_lag1 | msoa11cd + year,common spillover sample,lad,,50480,0.0004036684910938,ok,2 + queen mean of rates
M3_spillcomp_3 + queen pooled rate,log_median_ppsqm ~ newbuilds_lag1_per_1000 + nbr_queen_nb_lag1_rate_per1000 | msoa11cd + year,common spillover sample,lad,,50480,0.0004945858117273,ok,3 + queen pooled rate
M3_spillcomp_4 + 5 km pooled rate,log_median_ppsqm ~ newbuilds_lag1_per_1000 + nbr_5km_nb_lag1_rate_per1000 | msoa11cd + year,common spillover sample,lad,,50480,0.0004397811596557,ok,4 + 5 km pooled rate
M3_spillcomp_5 + distance-weighted rate,log_median_ppsqm ~ newbuilds_lag1_per_1000 + nbr_exp10km_nb_lag1_rate_per1000 | msoa11cd + year,common spillover sample,lad,,50480,0.0019590574254978,ok,5 + distance-weighted rate
M3_spillcomp_6 + queen pooled rate x focal income,log_median_ppsqm ~ newbuilds_lag1_per_1000 + nbr_queen_nb_lag1_rate_per1000 + x_nbq_inc | msoa11cd + year,common spillover sample,lad,,50480,0.0007124475357923,ok,6 + queen pooled rate x focal income
M6_spillcomp_1 own only,log_median_ppsqm ~ newbuilds_lag1_per_1000 | msoa11cd + lad_year,common spillover sample,lad,,50480,9.241442583074466e-06,ok,1 own only
M6_spillcomp_2 + queen mean of rates,log_median_ppsqm ~ newbuilds_lag1_per_1000 + nbr_queen_nb_mean_rate_lag1 | msoa11cd + lad_year,common spillover sample,lad,,50480,6.101474140896013e-05,ok,2 + queen mean of rates
M6_spillcomp_3 + queen pooled rate,log_median_ppsqm ~ newbuilds_lag1_per_1000 + nbr_queen_nb_lag1_rate_per1000 | msoa11cd + lad_year,common spillover sample,lad,,50480,4.1650534868153954e-05,ok,3 + queen pooled rate
M6_spillcomp_4 + 5 km pooled rate,log_median_ppsqm ~ newbuilds_lag1_per_1000 + nbr_5km_nb_lag1_rate_per1000 | msoa11cd + lad_year,common spillover sample,lad,,50480,0.0004007978201915,ok,4 + 5 km pooled rate
M6_spillcomp_5 + distance-weighted rate,log_median_ppsqm ~ newbuilds_lag1_per_1000 + nbr_exp10km_nb_lag1_rate_per1000 | msoa11cd + lad_year,common spillover sample,lad,,50480,0.0002895049980683,ok,5 + distance-weighted rate
M6_spillcomp_6 + queen pooled rate x focal income,log_median_ppsqm ~ newbuilds_lag1_per_1000 + nbr_queen_nb_lag1_rate_per1000 + x_nbq_inc | msoa11cd + lad_year,common spillover sample,lad,,50480,0.0001296277611821,ok,6 + queen pooled rate x focal income
M3_se_iid,log_median_ppsqm ~ newbuilds_lag1_per_1000 | msoa11cd + year,main_2016_2023,iid,,54312,0.0001213709292984,ok,SE: iid
M3_se_hc1,log_median_ppsqm ~ newbuilds_lag1_per_1000 | msoa11cd + year,main_2016_2023,hc1,,54312,0.0001213709292984,ok,SE: hc1
M3_se_msoa,log_median_ppsqm ~ newbuilds_lag1_per_1000 | msoa11cd + year,main_2016_2023,msoa,,54312,0.0001213709292984,ok,SE: msoa
M3_se_lad,log_median_ppsqm ~ newbuilds_lag1_per_1000 | msoa11cd + year,main_2016_2023,lad,,54312,0.0001213709292984,ok,SE: lad
M3_se_region,log_median_ppsqm ~ newbuilds_lag1_per_1000 | msoa11cd + year,main_2016_2023,region,,54312,0.0001213709292984,ok,SE: region
M3_se_lad_and_year,log_median_ppsqm ~ newbuilds_lag1_per_1000 | msoa11cd + year,main_2016_2023,lad_and_year,,54312,0.0001213709292984,ok,SE: lad_and_year
M6_se_iid,log_median_ppsqm ~ newbuilds_lag1_per_1000 | msoa11cd + lad_year,main_2016_2023,iid,,54312,6.1126918646792205e-06,ok,SE: iid
M6_se_hc1,log_median_ppsqm ~ newbuilds_lag1_per_1000 | msoa11cd + lad_year,main_2016_2023,hc1,,54312,6.1126918646792205e-06,ok,SE: hc1
M6_se_msoa,log_median_ppsqm ~ newbuilds_lag1_per_1000 | msoa11cd + lad_year,main_2016_2023,msoa,,54312,6.1126918646792205e-06,ok,SE: msoa
M6_se_lad,log_median_ppsqm ~ newbuilds_lag1_per_1000 | msoa11cd + lad_year,main_2016_2023,lad,,54312,6.1126918646792205e-06,ok,SE: lad
M6_se_region,log_median_ppsqm ~ newbuilds_lag1_per_1000 | msoa11cd + lad_year,main_2016_2023,region,,54312,6.1126918646792205e-06,ok,SE: region
M6_se_lad_and_year,log_median_ppsqm ~ newbuilds_lag1_per_1000 | msoa11cd + lad_year,main_2016_2023,lad_and_year,,54312,6.1126918646792205e-06,ok,SE: lad_and_year
M3_se_mods_msoa,log_median_ppsqm ~ newbuilds_lag1_per_1000 + x_income + x_deprivation + x_social_rent + x_density | msoa11cd + year,main_2016_2023,msoa,,54312,0.0009276207085193,ok,SE: msoa
M3_se_mods_lad,log_median_ppsqm ~ newbuilds_lag1_per_1000 + x_income + x_deprivation + x_social_rent + x_density | msoa11cd + year,main_2016_2023,lad,,54312,0.0009276207085193,ok,SE: lad
M3_se_mods_region,log_median_ppsqm ~ newbuilds_lag1_per_1000 + x_income + x_deprivation + x_social_rent + x_density | msoa11cd + year,main_2016_2023,region,,54312,0.0009276207085193,ok,SE: region
M6_se_mods_msoa,log_median_ppsqm ~ newbuilds_lag1_per_1000 + x_income + x_deprivation + x_social_rent + x_density | msoa11cd + lad_year,main_2016_2023,msoa,,54312,0.000253249511961,ok,SE: msoa
M6_se_mods_lad,log_median_ppsqm ~ newbuilds_lag1_per_1000 + x_income + x_deprivation + x_social_rent + x_density | msoa11cd + lad_year,main_2016_2023,lad,,54312,0.000253249511961,ok,SE: lad
M6_se_mods_region,log_median_ppsqm ~ newbuilds_lag1_per_1000 + x_income + x_deprivation + x_social_rent + x_density | msoa11cd + lad_year,main_2016_2023,region,,54312,0.000253249511961,ok,SE: region
M3_wcb_newbuilds_lag1_per_1000,log_median_ppsqm ~ newbuilds_lag1_per_1000 | msoa11cd + year,main_2016_2023,lad,,54312,0.0001213709292984,ok,
M3_wcb_x_income,log_median_ppsqm ~ newbuilds_lag1_per_1000 + x_income | msoa11cd + year,main_2016_2023,lad,,54312,0.0001901832736759,ok,
M3_wcb_x_deprivation,log_median_ppsqm ~ newbuilds_lag1_per_1000 + x_deprivation | msoa11cd + year,main_2016_2023,lad,,54312,0.0001741827537415,ok,
M3_wcb_x_social_rent,log_median_ppsqm ~ newbuilds_lag1_per_1000 + x_social_rent | msoa11cd + year,main_2016_2023,lad,,54312,0.000452336111368,ok,
M3_wcb_x_density,log_median_ppsqm ~ newbuilds_lag1_per_1000 + x_density | msoa11cd + year,main_2016_2023,lad,,54312,0.0005230906349424,ok,
M6_wcb_newbuilds_lag1_per_1000,log_median_ppsqm ~ newbuilds_lag1_per_1000 | msoa11cd + lad_year,main_2016_2023,lad,,54312,6.1126918646792205e-06,ok,
M6_wcb_x_income,log_median_ppsqm ~ newbuilds_lag1_per_1000 + x_income | msoa11cd + lad_year,main_2016_2023,lad,,54312,1.8088977226438097e-05,ok,
M6_wcb_x_deprivation,log_median_ppsqm ~ newbuilds_lag1_per_1000 + x_deprivation | msoa11cd + lad_year,main_2016_2023,lad,,54312,3.897480763970229e-05,ok,
M6_wcb_x_social_rent,log_median_ppsqm ~ newbuilds_lag1_per_1000 + x_social_rent | msoa11cd + lad_year,main_2016_2023,lad,,54312,1.0001048680652325e-05,ok,
M6_wcb_x_density,log_median_ppsqm ~ newbuilds_lag1_per_1000 + x_density | msoa11cd + lad_year,main_2016_2023,lad,,54312,1.216776189516544e-05,ok,
