characteristic,n_msoa_years,n_missing,missing_rate,min_value,max_value
baseline_income,81492.0,0.0,0.0,14040.0,58240.0
imd_ex_housing (primary deprivation moderator),81492.0,0.0,0.0,0.6324719310112928,90.41085567170441
imd2015_income_rate_msoa,81492.0,0.0,0.0,0.01202669674750893,0.5002546131708143
deprivation_moderator_value (selected),81492.0,0.0,0.0,0.6324719310112928,90.41085567170441
income_moderator_value (selected),81492.0,0.0,0.0,14040.0,58240.0
census2011_tenure,81492.0,0.0,0.0,0.0023554043444124575,0.7940288493794029
census2011_density,81492.0,0.0,0.0,5.727026705506852,24720.923838328294
census2011_education,81492.0,0.0,0.0,0.04841915085817525,0.7137377468390397
census2011_unemployment,81492.0,0.0,0.0,0.013523666416228399,0.26395070181444713
