newbuild_year,n_newbuilds,n_matched_msoa11,n_matched_msoa21,match_rate_msoa11,match_rate_msoa21
2008,35906,35905.0,35905.0,0.9999721495014761,0.9999721495014761
2009,130120,129967.0,130118.0,0.9988241623117122,0.9999846295727021
2010,111678,111617.0,111674.0,0.9994537867798492,0.9999641827396623
2011,131181,131170.0,131177.0,0.9999161463931514,0.9999695077793278
2012,128470,128452.0,128460.0,0.9998598894683584,0.9999221608157547
2013,124066,124036.0,124059.0,0.9997581932197379,0.9999435784179388
2014,146120,146102.0,146117.0,0.9998768135778812,0.9999794689296468
2015,188443,188435.0,188439.0,0.9999575468444039,0.999978773422202
2016,202414,202188.0,202411.0,0.9988834764393767,0.9999851788907882
2017,211709,211693.0,211704.0,0.9999244245639061,0.9999763826762207
2018,232614,232562.0,232599.0,0.9997764536958222,0.9999355154891795
2019,235426,235327.0,235416.0,0.9995794856982662,0.9999575238079057
2020,189969,189880.0,189892.0,0.999531502508304,0.9995946707094315
2021,205966,205478.0,205910.0,0.9976306769078391,0.999728110464834
2022,195109,194327.0,195065.0,0.9959919839679359,0.999774485031444
2023,93788,79831.0,93765.0,0.8511856527487525,0.9997547660681537
2024,43804,24245.0,43049.0,0.5534882659117889,0.9827641311295772
