column_name,column_type,null,key,default,extra
LMK_KEY,VARCHAR,YES,,,
BUILDING_REFERENCE_NUMBER,BIGINT,YES,,,
CURRENT_ENERGY_RATING,VARCHAR,YES,,,
POTENTIAL_ENERGY_RATING,VARCHAR,YES,,,
CURRENT_ENERGY_EFFICIENCY,BIGINT,YES,,,
POTENTIAL_ENERGY_EFFICIENCY,BIGINT,YES,,,
PROPERTY_TYPE,VARCHAR,YES,,,
BUILT_FORM,VARCHAR,YES,,,
INSPECTION_DATE,DATE,YES,,,
LOCAL_AUTHORITY,VARCHAR,YES,,,
CONSTITUENCY,VARCHAR,YES,,,
COUNTY,VARCHAR,YES,,,
LODGEMENT_DATE,DATE,YES,,,
TRANSACTION_TYPE,VARCHAR,YES,,,
ENVIRONMENT_IMPACT_CURRENT,BIGINT,YES,,,
ENVIRONMENT_IMPACT_POTENTIAL,BIGINT,YES,,,
ENERGY_CONSUMPTION_CURRENT,BIGINT,YES,,,
ENERGY_CONSUMPTION_POTENTIAL,BIGINT,YES,,,
CO2_EMISSIONS_CURRENT,DOUBLE,YES,,,
CO2_EMISS_CURR_PER_FLOOR_AREA,BIGINT,YES,,,
CO2_EMISSIONS_POTENTIAL,DOUBLE,YES,,,
LIGHTING_COST_CURRENT,BIGINT,YES,,,
LIGHTING_COST_POTENTIAL,BIGINT,YES,,,
HEATING_COST_CURRENT,BIGINT,YES,,,
HEATING_COST_POTENTIAL,BIGINT,YES,,,
HOT_WATER_COST_CURRENT,BIGINT,YES,,,
HOT_WATER_COST_POTENTIAL,BIGINT,YES,,,
TOTAL_FLOOR_AREA,DOUBLE,YES,,,
ENERGY_TARIFF,VARCHAR,YES,,,
MAINS_GAS_FLAG,VARCHAR,YES,,,
FLOOR_LEVEL,VARCHAR,YES,,,
FLAT_TOP_STOREY,VARCHAR,YES,,,
FLAT_STOREY_COUNT,BIGINT,YES,,,
MAIN_HEATING_CONTROLS,VARCHAR,YES,,,
MULTI_GLAZE_PROPORTION,BIGINT,YES,,,
GLAZED_TYPE,VARCHAR,YES,,,
GLAZED_AREA,VARCHAR,YES,,,
EXTENSION_COUNT,BIGINT,YES,,,
NUMBER_HABITABLE_ROOMS,BIGINT,YES,,,
NUMBER_HEATED_ROOMS,BIGINT,YES,,,
LOW_ENERGY_LIGHTING,BIGINT,YES,,,
NUMBER_OPEN_FIREPLACES,BIGINT,YES,,,
HOTWATER_DESCRIPTION,VARCHAR,YES,,,
HOT_WATER_ENERGY_EFF,VARCHAR,YES,,,
HOT_WATER_ENV_EFF,VARCHAR,YES,,,
FLOOR_DESCRIPTION,VARCHAR,YES,,,
FLOOR_ENERGY_EFF,VARCHAR,YES,,,
FLOOR_ENV_EFF,VARCHAR,YES,,,
WINDOWS_DESCRIPTION,VARCHAR,YES,,,
WINDOWS_ENERGY_EFF,VARCHAR,YES,,,
WINDOWS_ENV_EFF,VARCHAR,YES,,,
WALLS_DESCRIPTION,VARCHAR,YES,,,
WALLS_ENERGY_EFF,VARCHAR,YES,,,
WALLS_ENV_EFF,VARCHAR,YES,,,
SECONDHEAT_DESCRIPTION,VARCHAR,YES,,,
SHEATING_ENERGY_EFF,VARCHAR,YES,,,
SHEATING_ENV_EFF,VARCHAR,YES,,,
ROOF_DESCRIPTION,VARCHAR,YES,,,
ROOF_ENERGY_EFF,VARCHAR,YES,,,
ROOF_ENV_EFF,VARCHAR,YES,,,
MAINHEAT_DESCRIPTION,VARCHAR,YES,,,
MAINHEAT_ENERGY_EFF,VARCHAR,YES,,,
MAINHEAT_ENV_EFF,VARCHAR,YES,,,
MAINHEATCONT_DESCRIPTION,VARCHAR,YES,,,
MAINHEATC_ENERGY_EFF,VARCHAR,YES,,,
MAINHEATC_ENV_EFF,VARCHAR,YES,,,
LIGHTING_DESCRIPTION,VARCHAR,YES,,,
LIGHTING_ENERGY_EFF,VARCHAR,YES,,,
LIGHTING_ENV_EFF,VARCHAR,YES,,,
MAIN_FUEL,VARCHAR,YES,,,
WIND_TURBINE_COUNT,BIGINT,YES,,,
HEAT_LOSS_CORRIDOR,VARCHAR,YES,,,
UNHEATED_CORRIDOR_LENGTH,DOUBLE,YES,,,
FLOOR_HEIGHT,DOUBLE,YES,,,
PHOTO_SUPPLY,BIGINT,YES,,,
SOLAR_WATER_HEATING_FLAG,VARCHAR,YES,,,
MECHANICAL_VENTILATION,VARCHAR,YES,,,
LOCAL_AUTHORITY_LABEL,VARCHAR,YES,,,
CONSTITUENCY_LABEL,VARCHAR,YES,,,
POSTTOWN,VARCHAR,YES,,,
CONSTRUCTION_AGE_BAND,VARCHAR,YES,,,
LODGEMENT_DATETIME,TIMESTAMP,YES,,,
TENURE,VARCHAR,YES,,,
FIXED_LIGHTING_OUTLETS_COUNT,BIGINT,YES,,,
LOW_ENERGY_FIXED_LIGHT_COUNT,BIGINT,YES,,,
UPRN,BIGINT,YES,,,
UPRN_SOURCE,VARCHAR,YES,,,
