source,url,download_date,filename,filesize_bytes,checksum_sha256,coverage_period,notes
"UCL ReShare 857911 - House Price Per Square Metre in England and Wales 1995-2024 (bundle 1: EPC source + docs)",https://reshare.ukdataservice.ac.uk/857911/3/857911_bundle_1.zip,2026-09-17,857911_bundle_1.zip,3495868793,d401d652de5161b9144b959f9b545e0fda15e485a3e9c95bb09e40e5225c0f59,1995-01-01 to 2024-10-31,"Open access, no login required. Contains epc_2024.csv (26979573 rows x 87 cols, address fields removed), Readme.docx, Licence_Information_for_data_sources.docx"
"UCL ReShare 857911 - House Price Per Square Metre in England and Wales 1995-2024 (bundle 2: linked transactions + LRPPD + NSPL)",https://reshare.ukdataservice.ac.uk/857911/2/857911_bundle_2.zip,2026-09-17,857911_bundle_2.zip,4766250308,ba150dd642244dc1e98d82c4aab2fbb485536aa3f0a10027dace5dff2a688111,1995-01-01 to 2024-10-31,"Downloaded by user. Contains tranall_link_26122024.csv (22449587 rows x 106 cols), LRPPD_26122024.zip (original Land Registry PPD, 29671082 rows x 16 vars), NSPL21_NOV_2024_UK.zip"
"ONS National Statistics UPRN Lookup (NSUL), February 2024",https://www.arcgis.com/sharing/rest/content/items/7d7e47f9e5ce4f58861c960edc98f529/data,2026-09-17,NSUL_FEB_2024_GB.zip,487128309,626ea716a78aa59b00fb84c8ac0073a8ea3e1026cf190daaaa9cfce776d80c08,"as at February 2024","UPRN -> MSOA21/LSOA21/LAD best-fit via 2021 Census OAs. ~9 month vintage gap vs Nov-2024 transactions data; reported in QA."
"ONS UPRN Directory (ONSUD), February 2024",https://www.arcgis.com/sharing/rest/content/items/2601651d6f174293ab041ca7a13c7efa/data,2026-09-17,ONSUD_FEB_2024.zip,522029481,97e59ac4e1b44b8e9a05b85d0437f53777d736d90dd5dace81165bab3005c47e,"as at February 2024","UNUSED in the current pipeline (NSUL alone already carries easting/northing, so ONSUD was never needed) - kept on disk, not referenced by any script."
"ONS MSOA(2011) to MSOA(2021) to LAD(2022) Best Fit Lookup for EW (v2)",https://services1.arcgis.com/ESMARspQHYMw9BZ9/arcgis/rest/services/MSOA11_MSOA21_LAD22_EW_LU_v2/FeatureServer/0,2026-09-17,MSOA11_MSOA21_LAD22_EW_LU_v2.csv,unknown_text_csv,e4cbea0774145e0d7bac21983fe3c9805b62861149cb0dfeccc11f86ae601fa7,"2011 and 2021 boundaries","Paginated from the ArcGIS FeatureServer query API (2000-row page limit); 7201 rows = full MSOA2011 count. Used to crosswalk FYE2012 income (MSOA11) onto MSOA21."
"ONS Income estimates for small areas, England and Wales, financial year ending 2012 (2011/12)",https://www.ons.gov.uk/file?uri=/employmentandlabourmarket/peopleinwork/earningsandworkinghours/datasets/smallareaincomeestimatesformiddlelayersuperoutputareasenglandandwales/201112/1smallareaincomeestimatesdatatcm77420299.xls,2026-09-17,income_fye2012.xls,4406272,2a52d84eeacbe40875d969f5b4b52fe11d68de837b3c64874e6ca82299a7e86e,"FYE 2012 (2011/12)","Primary baseline income moderator per brief. NET WEEKLY (not annual) household income before/after housing costs at MSOA11 level; annualise (x52) for comparability with later ONS releases. Confirmed via sheet 'Net income before housing costs' + title text."
"ONS Census 2021 - TS054 Tenure of household (9 categories), MSOA",https://api.beta.ons.gov.uk/v1/population-types/HH/census-observations?area-type=msoa&dimensions=hh_tenure_9a,2026-09-17,ts054_hh_tenure_9a_msoa_2021.json,19389985,4d490dec8e30882c7450e856da2c8d3a6a2a82b2037913dc2e194e684211deed,"Census 2021 (reference date 2021-03-21)","SUPERSEDED: the reframed brief specifies Census 2011 tenure (QS405EW, see below) to match the other 2011 Census moderators. Kept on disk, not referenced by any current script."
"ONS CPIH INDEX 00: ALL ITEMS 2015=100 (CDID L522, dataset MM23)",https://www.ons.gov.uk/generator?format=csv&uri=/economy/inflationandpriceindices/timeseries/l522/mm23,2026-09-17,cpih_l522_mm23.csv,11906,24836db6b2e0929e44de954369999e934789e2ec4c1919f1bdfccf61689aaf19,"1988 to present (464 monthly observations used)","Downloaded at runtime by src/02_clean_transactions.py via the ONS website CSV generator; the old api.ons.gov.uk v0 timeseries endpoint is retired (404/410)."
"English Indices of Deprivation 2015 - File 7 (all ranks/deciles/scores + population denominators), LSOA",https://assets.publishing.service.gov.uk/media/5a7ffd55ed915d74e33f7ca4/File_7_ID_2015_All_ranks__deciles_and_scores_for_the_Indices_of_Deprivation__and_population_denominators.csv,2026-09-17,File_7_ID2015_ranks_deciles_scores_population.csv,9783456,4e385b6fbcb0a2448209405f655b0e0fbe09c179095bbaa660eaaffd08b76234,"2015 (population mid-2012)","gov.uk assets host, open access. 32844 England LSOA rows confirmed. Used for imd2015_deprived20_popshare and imd2015_rank_percentile_pw (07_prepare_imd2015.py)."
"ONS Output Area (2011) to LSOA to MSOA (2011) to LAD (2011) Exact Fit Lookup in EW - distinct LSOA11/MSOA11/LAD11",https://services1.arcgis.com/ESMARspQHYMw9BZ9/arcgis/rest/services/OA11_LSOA11_MSOA11_LAD11_EW_LUv2_b3fe7c68f4b2420185eaff6284d4c125/FeatureServer/0,2026-09-17,LSOA11_MSOA11_LAD11_EW_distinct.csv,1482938,f6d0280d14cda008740023260cb0902695ee8630ee9bbba7c85ec33ce86f141e,"2011 boundaries","Paginated (returnDistinctValues=true) from the OA-level ArcGIS FeatureServer, deduplicated to 34753 distinct LSOA11 rows (=full E+W LSOA11 count). Used to aggregate IMD2015 LSOA data up to MSOA11 (07_prepare_imd2015.py)."
"ONS Census 2011 - QS405EW Tenure of household, MSOA (via Nomis NM_537_1)",https://www.nomisweb.co.uk/api/v01/dataset/NM_537_1.data.csv,2026-09-17,qs405ew_msoa11_tenure.csv,2184633,b75c4151a18cc1eed988635fd4704b23b28c8bcf8eacb177d776a5f2444dc00d,"Census 2011 (reference date 2011-03-27)","geography=TYPE297 (2011 MSOA), rural_urban=0, c_tenhuk11 in (0,1,4,5,8) = all/owned/shared-ownership/social-rented/private-rented totals. 36005 rows = 7201 MSOA11 x 5 categories, exact match. Used in 08_prepare_census2011_tenure.py (re-downloaded with shared-ownership added for the Phase-2 rebuild)."
"ONS Census 2011 - QS102EW Population density, MSOA (via Nomis NM_143_1)",https://www.nomisweb.co.uk/api/v01/dataset/NM_143_1.data.csv,2026-09-17,qs102ew_msoa11_density.csv,787453,fab1ffc53d5490bcf39b51550c9a9c132cc8961c24adf872bb0021b66f87f3dd,"Census 2011","cell in (0,1) = all usual residents, area hectares. Used in 09_prepare_census2011_density.py."
"ONS Census 2011 - QS501EW Highest level of qualification, MSOA (via Nomis NM_554_1)",https://www.nomisweb.co.uk/api/v01/dataset/NM_554_1.data.csv,2026-09-17,qs501ew_msoa11_education.csv,1100482,afb9cae7b6765eea2ebac38ec33e90b6c638e16aa154ce00348d8e3b64628382,"Census 2011","cell in (0,6) = all categories (16+), Level 4+ qualifications. Optional moderator, used in 10_prepare_census2011_education.py."
"ONS Census 2011 - QS601EW Economic activity, MSOA (via Nomis NM_556_1)",https://www.nomisweb.co.uk/api/v01/dataset/NM_556_1.data.csv,2026-09-17,qs601ew_msoa11_unemployment.csv,943026,04473e253586fe3861ab6d1e39470f4a17949101c2d4b8300855dac4129c3138,"Census 2011","cell in (1,8) = economically active total, unemployed. Optional moderator, used in 11_prepare_census2011_unemployment.py."
"ONS Middle Layer Super Output Areas (December 2021) Boundaries EW BSC (super-generalised), England subset",https://services1.arcgis.com/ESMARspQHYMw9BZ9/arcgis/rest/services/Middle_layer_Super_Output_Areas_December_2021_Boundaries_EW_BSC_V3/FeatureServer/0,2026-09-17,MSOA21_BSC_England.geojson,6859069,d8e32e6002cca422ef2045c956bfcd723666121cbe8df18dd4e5bb9879de725d,"2021 boundaries","Paginated (WHERE MSOA21CD LIKE 'E02%', outSR=4326), 6856 England MSOA21 polygons. Used only for the two map figures in 19_make_figures.py."
"ONS National Statistics Postcode Lookup - 2011 Census (February 2024) for the UK",https://www.arcgis.com/sharing/rest/content/items/379c875939ec4fc4bb48ed32711eb042/data,2026-09-17,NSPL_2011_FEB_2024_UK.zip,194904800,23593c8f7af5e06052d6baeb3eb24ad82f8ba16713542f2eef89f45ae5244967,"as at February 2024, postcodes back to 1980","MSOA11 is the PRIMARY analysis geography (Phase 2 rebuild): postcode->MSOA11 via this still-maintained 2011-geography product, vintage-matched to NSPL21 (Nov 2024). Avoids any MSOA21->MSOA11 boundary crosswalk. New-builds join UPRN->postcode (NSUL) then postcode->MSOA11 the same way."
"ONS Local Authority Districts (December 2024) Names and Codes in the UK",https://services1.arcgis.com/ESMARspQHYMw9BZ9/arcgis/rest/services/LAD_DEC_2024_UK_NC/FeatureServer/0,2026-09-17,LAD_DEC_2024_UK_NC.csv,8519,b0524331c6f4873d24794979b13767e93dbb353807bf7f1911f87c52f5c002eb,"December 2024","361 LAD name/code pairs, used only to attach lad23nm_analysis labels to the NSPL21-derived lad23cd_analysis codes."
"English Indices of Deprivation 2015: Technical Report (PDF)",https://assets.publishing.service.gov.uk/media/5a7f24b240f0b62305b85578/English_Indices_of_Deprivation_2015_-_Technical-Report.pdf,2026-10-02,IoD2015_Technical_Report.pdf,2389348,ab38b0ecfe34e36ec7a44f63f9a089a40b575ff9f80e4940f4fad26de6aed497,"2015","Method reference for the IMD revision: Section 3.6-3.7 (ranking, exponential transform, weights Table 3.1) and Appendix F (X = -23 ln(1 - R(1 - exp(-100/23))), R = rank/N with 1 = most deprived). Documentation only; not read by any script."
"English Indices of Deprivation 2015 - File 9 (exponentially transformed domain scores), LSOA",https://assets.publishing.service.gov.uk/media/5a7f32fee5274a2e8ab4aba0/File_9_ID_2015_Transformed_domain_scores.xlsx,2026-10-02,File_9_ID2015_transformed_domain_scores.xlsx,3468527,bdbcb4c45e2daf8471561f2e190fa9be2fc2b2e696561dd55a97123c52e7e1d3,"2015","Official transformed domain scores for 32844 LSOAs. Used in 07_prepare_imd2015.py only as an independent check that the transform reproduces the published values (max difference 0.011 with published ranks); reported, not a hard stop."
