income_quartile,year,newbuilds_lag1_per_1000,nbr_queen_nb_lag1_rate_per1000,nbr_5km_nb_lag1_rate_per1000
1,2012,5.1354486131599515,5.035525131586661,4.900842120355663
1,2013,4.479888823724384,4.619837413863074,4.509756773204342
1,2014,3.99373041938343,4.399623284181132,4.21858848343221
1,2015,5.373054072381611,5.624871542564018,5.419848393305444
1,2016,6.540187680657032,6.872144221918563,6.756377975938913
1,2017,6.606323577805924,7.372068611527003,7.197601807203216
1,2018,7.092861603061158,7.923292017633977,7.623352577872664
1,2019,7.565482779448805,8.624079072663282,8.411888385692677
1,2020,7.10853637220782,8.860283858125566,8.39616561661127
1,2021,5.778681096657621,7.28761529316187,6.930625431484411
1,2022,6.076984099010214,7.956865356833617,7.554146393505547
1,2023,5.58446454607102,7.231016261346228,6.4447008601197355
2,2012,5.69356583264325,5.837568526936429,5.673833621910505
2,2013,5.816504150659477,5.65432200842884,5.4233977281505155
2,2014,5.663901888101482,5.619522772941945,5.305568249022021
2,2015,6.659239945683464,6.389236637799867,6.386747335844514
2,2016,8.454469127775967,8.18656300331361,8.022996297561237
2,2017,8.617734684904226,8.68441935079749,8.4167978546151
2,2018,8.62259728132757,9.49427210900178,9.014219120200575
2,2019,9.059363764806518,10.560795815226241,9.808706413791768
2,2020,9.190083589477318,10.829456370807515,9.862872001980818
2,2021,7.471940420216852,8.756754121956043,7.870493828970056
2,2022,8.251021653142818,9.869459005702613,8.468331891668043
2,2023,7.645694905661394,9.406266548966764,7.724877421678042
3,2012,5.555536349417297,6.114789041622274,6.045093936083386
3,2013,5.596489919700891,6.077585244594364,5.9177411588726025
3,2014,5.535111026133708,5.91738678802231,5.680341867205246
3,2015,6.346369403379289,6.633379801947681,6.495873940736913
3,2016,8.725414916954536,8.91437219857228,8.544016398209404
3,2017,9.276498163440193,9.514978414289157,9.078362398625819
3,2018,10.218928259123235,10.55317803996199,9.666177221063302
3,2019,11.854320910605999,11.900355293250945,10.341548270046042
3,2020,12.108995226613805,12.058710747716045,10.276889697662233
3,2021,10.121159988389433,9.637401934195012,8.461821893364236
3,2022,10.823071176467208,10.753067200384113,9.048710679723708
3,2023,10.566830775232082,10.625507468131413,8.772068492931496
4,2012,5.853788165425242,6.330127211903425,6.496601139728776
4,2013,5.939821286421238,6.7261155155507675,6.640993841104422
4,2014,5.914640794499146,6.516856679205671,6.467127872302713
4,2015,6.55745844732185,6.974935776528059,7.101815634985995
4,2016,8.419502890998865,9.614163358153839,9.68395416300657
4,2017,9.987727450916102,10.942788642078764,10.337126430131367
4,2018,10.382451945222256,11.192036305890205,10.184783809233904
4,2019,11.606259374635993,12.609705230398822,11.482320541165553
4,2020,12.09858442743521,12.650335047035885,11.445650356741682
4,2021,9.404487792608315,9.958604511208216,9.090222021228318
4,2022,10.166833787925924,10.757411143858905,9.321712160092986
4,2023,9.751583251057742,10.570702579039864,9.109961651278077
