service,mode,n_lsoa,mean,median,max,share_at_cap
employment,pt,32844,12.797673140038624,11.56459703542675,112.384651881234,0.0
employment,car,32844,10.943686451228231,9.225673463112395,81.9639634950098,0.0
primary_school,pt,32844,9.179819753988552,8.0,120.0,3.0446961393252954e-05
primary_school,car,32844,7.588478869808793,7.0,120.0,3.0446961393252954e-05
secondary_school,pt,32844,17.47511504871673,15.950215047981299,120.0,9.134088417975886e-05
secondary_school,car,32844,10.191678988763064,9.646449543854036,39.5321320411872,0.0
further_education,pt,32844,19.92622533138453,17.73793913853585,120.0,0.00024357569114602363
further_education,car,32844,11.140520172452426,10.25683155188535,120.0,3.0446961393252954e-05
gp,pt,32844,10.878417414932688,9.660514464999114,115.823376623377,0.0
gp,car,32844,7.940089064107378,7.59379871063311,24.0964726544665,0.0
hospital,pt,32844,36.90397955171602,33.21066513232755,120.0,0.002435756911460236
hospital,car,32844,17.82229470290373,16.36156370082135,120.0,0.002740226525392766
food_store,pt,32844,8.987732272203127,7.457063594941625,120.0,3.0446961393252954e-05
food_store,car,32844,7.36070542449321,6.9956250582796144,120.0,3.0446961393252954e-05
town_centre,pt,32844,19.985906417876844,18.13811761598215,120.0,0.0002740226525392766
town_centre,car,32844,11.819457852141538,11.07737786289915,120.0,3.0446961393252954e-05
