mode,transform,component,eigenvalue,share_variance
pt,minutes,1,5.51032790890536,0.6886895615790642
pt,minutes,2,0.5830073380619466,0.07286518600796309
pt,minutes,3,0.4975825170935619,0.0621886557772288
pt,minutes,4,0.43161731639355744,0.053944219892362234
pt,minutes,5,0.34847374240908524,0.043552803544354465
pt,minutes,6,0.24410899236129238,0.03050913080056648
pt,minutes,7,0.20485926679317815,0.025603637563055514
pt,minutes,8,0.181201121222076,0.022646804835405248
pt,minutes,"corr(PC1, composite) / corr(PC1, dist_town_centre)",0.9839013914420864,0.6929359090381654
pt,log_minutes,1,5.0600340530603,0.6324111180289985
pt,log_minutes,2,0.6359637383902158,0.07948376129564064
pt,log_minutes,3,0.6097181953584082,0.07620355151088924
pt,log_minutes,4,0.5685993135338574,0.07106444814634978
pt,log_minutes,5,0.33308964816244613,0.04163007493415934
pt,log_minutes,6,0.31127079339154323,0.03890311970123285
pt,log_minutes,7,0.27974505653926973,0.0349629828799448
pt,log_minutes,8,0.20275740480402005,0.02534094350278486
pt,log_minutes,"corr(PC1, composite) / corr(PC1, dist_town_centre)",0.9444245142227937,0.6624997506316885
car,minutes,1,4.022285706957385,0.5027116763039434
car,minutes,2,1.270869225106391,0.15883526061096293
car,minutes,3,0.794798878574558,0.09933523018556265
car,minutes,4,0.621740127112699,0.0777060716959068
car,minutes,5,0.531014071211601,0.0663669846769027
car,minutes,6,0.33581543879183473,0.04197074858998228
car,minutes,7,0.2899857981961516,0.03624288708864433
car,minutes,8,0.13466895728943973,0.01683114084809482
car,minutes,"corr(PC1, composite) / corr(PC1, dist_town_centre)",0.9493949479887943,0.7690333264374306
car,log_minutes,1,4.1741901394624685,0.5216969343055178
car,log_minutes,2,0.8443066005142548,0.10552278415350816
car,log_minutes,3,0.7657252756863633,0.09570156497405403
car,log_minutes,4,0.6503128624476006,0.08127713768258005
car,log_minutes,5,0.5973548330018771,0.07465835878520738
car,log_minutes,6,0.3907623246267137,0.04883809792768713
car,log_minutes,7,0.29312625813886584,0.03663538677593321
car,log_minutes,8,0.28539990936191334,0.0356697353955123
car,log_minutes,"corr(PC1, composite) / corr(PC1, dist_town_centre)",0.902957909817281,0.7246187598580638
