mode,transform,service,PC1_loading
pt,minutes,employment,0.36952354385888875
pt,minutes,primary_school,0.33545953596555866
pt,minutes,secondary_school,0.37009110844341175
pt,minutes,further_education,0.359183246651402
pt,minutes,gp,0.3663147346965504
pt,minutes,hospital,0.2918436264000837
pt,minutes,food_store,0.38095935764985656
pt,minutes,town_centre,0.3470590695150875
pt,log_minutes,employment,0.3647594123420522
pt,log_minutes,primary_school,0.3506432016101483
pt,log_minutes,secondary_school,0.36353744606339117
pt,log_minutes,further_education,0.3588894028683806
pt,log_minutes,gp,0.37301444769980885
pt,log_minutes,hospital,0.29833478625514215
pt,log_minutes,food_store,0.3799828053824719
pt,log_minutes,town_centre,0.3324281618965528
car,minutes,employment,0.3935412846332109
car,minutes,primary_school,0.2995322710336026
car,minutes,secondary_school,0.357628446161592
car,minutes,further_education,0.40592986920571517
car,minutes,gp,0.32374071831691
car,minutes,hospital,0.2503348863078893
car,minutes,food_store,0.3930266853373431
car,minutes,town_centre,0.3752105119729177
car,log_minutes,employment,0.4107077345539053
car,log_minutes,primary_school,0.2780751548150958
car,log_minutes,secondary_school,0.3835963673005155
car,log_minutes,further_education,0.3765014294249407
car,log_minutes,gp,0.36276469587042537
car,log_minutes,hospital,0.2658619845476452
car,log_minutes,food_store,0.3898934062551989
car,log_minutes,town_centre,0.33286059852155436
