service,mode,max_abs_diff_vs_unweighted,corr_with_unweighted
employment,pt,9.778755879683466,0.9976012555966826
employment,car,4.863231299282607,0.9982664666453979
primary_school,pt,5.297151655119325,0.991765450898706
primary_school,car,1.1995073891625623,0.9972703092742771
secondary_school,pt,16.784484499999998,0.9947273184295526
secondary_school,car,3.4857170770121737,0.9961832680009008
further_education,pt,16.684339217754314,0.9957339407346397
further_education,car,3.819090693833367,0.9980737420850352
gp,pt,6.303983271367969,0.9967303343762075
gp,car,0.9276514069736148,0.9970150266871967
hospital,pt,8.483351854765225,0.9994861084574812
hospital,car,2.788611263838348,0.999849338034938
food_store,pt,7.1742741839982145,0.9969399437533722
food_store,car,2.0227599077969174,0.9986055919897714
town_centre,pt,8.532790335294678,0.9985471789896448
town_centre,car,2.7635076375689387,0.9994087729990812
