region_code,year,mean_log_price,mean_nb,mean_growth,log_price_index_2016
E12000001,2012,7.155386207064855,4.307504238519562,,-0.08383821703918048
E12000001,2013,7.168917828406845,3.957333388227157,0.013531621341988745,-0.07030659569719067
E12000001,2014,7.202345958772402,5.22352022171365,0.03342813036555792,-0.036878465331633414
E12000001,2015,7.222245759175137,6.336482115439049,0.01989980040273518,-0.016978664928898546
E12000001,2016,7.2392244241040355,7.912942437974017,0.016978664928898317,0.0
E12000001,2017,7.262980999076574,8.141844177856877,0.023756574972538035,0.02375657497253858
E12000001,2018,7.287754087425414,8.497540374874907,0.024773088348841142,0.048529663321378536
E12000001,2019,7.299732523794274,8.0817043172339,0.011978436368860215,0.06050809969023874
E12000001,2020,7.343625179734291,5.968970081866656,0.04389265594001599,0.1044007556302553
E12000001,2021,7.410558103074955,7.1079672492635115,0.06693292334066345,0.17133367897091922
E12000001,2022,7.484705323300609,6.547493800421934,0.0741472202256552,0.2454808991965738
E12000001,2023,7.487687951649816,2.3224962223101815,0.0029826283492065076,0.2484635275457805
E12000002,2012,7.266409180949574,3.9166531845714023,,-0.13186338732504232
E12000002,2013,7.273255584139226,3.6207864748758816,0.006846403189651812,-0.12501698413539053
E12000002,2014,7.317961982083885,5.013060172955447,0.044706397944659124,-0.08031058619073139
E12000002,2015,7.352539934281504,6.331627631683623,0.034577952197618944,-0.04573263399311234
E12000002,2016,7.398272568274616,6.44001249324242,0.04573263399311238,0.0
E12000002,2017,7.446738023398626,7.736838416214067,0.04846545512400967,0.04846545512400979
E12000002,2018,7.479963910251489,8.7787341504458,0.03322588685286277,0.08169134197687278
E12000002,2019,7.513852674620878,9.315708594133474,0.03388876436939029,0.11558010634626203
E12000002,2020,7.56403997955697,8.2578224214417,0.05018730493609103,0.16576741128235373
E12000002,2021,7.655153756977489,8.938936968460792,0.09111377742051929,0.2568811887028728
E12000002,2022,7.754639564599683,7.356654924546537,0.09948580762219388,0.3563669963250664
E12000002,2023,7.763868323492963,2.9998871302079126,0.00922875889328008,0.3655957552183464
E12000003,2012,7.294494105861714,3.7662433036365335,,-0.11294271763908803
E12000003,2013,7.291832648338898,3.8601992627818755,-0.002661457522815681,-0.11560417516190391
E12000003,2014,7.3351872782506105,4.969759705013603,0.0433546299117125,-0.0722495452501919
E12000003,2015,7.366369784597624,6.0641207856040245,0.03118250634701191,-0.04106703890317842
E12000003,2016,7.407436823500802,6.5642819975603235,0.04106703890317976,0.0
E12000003,2017,7.443556476022535,7.214993396455647,0.03611965252173303,0.03611965252173288
E12000003,2018,7.478275717227669,7.803246471197275,0.034719241205133665,0.07083889372686691
E12000003,2019,7.504731000134726,7.796174035841956,0.02645528290705581,0.09729417663392326
E12000003,2020,7.5507546834787025,6.2045309234968915,0.046023683343977106,0.14331785997790014
E12000003,2021,7.629712903681626,6.243356963167645,0.07895822020292313,0.22227608018082368
E12000003,2022,7.726343797562235,6.846390610153017,0.09663089388060904,0.31890697406143254
E12000003,2023,7.73139634340898,2.744297809409144,0.0050525458467457875,0.3239595199081773
E12000004,2012,7.343447640689327,5.376352555554575,,-0.19344361092960138
E12000004,2013,7.370785073273953,5.219308458707554,0.027337432584626127,-0.16610617834497532
E12000004,2014,7.4300619046627085,6.779555970024669,0.05927683138875641,-0.1068293469562196
E12000004,2015,7.475022937736348,8.208979119163413,0.04496103307363929,-0.06186831388257996
E12000004,2016,7.536891251618928,9.348988148250912,0.06186831388257931,0.0
E12000004,2017,7.594110220948996,9.842444608232723,0.057218969330068,0.05721896933006754
E12000004,2018,7.6440891780766576,10.714999206865263,0.04997895712766177,0.10719792645772941
E12000004,2019,7.666378222439017,10.29608270596146,0.022289044362360292,0.1294869708200892
E12000004,2020,7.712121821946808,8.362930209789956,0.04574359950779132,0.17523057032788003
E12000004,2021,7.789415368014653,9.406626271064725,0.0772935460678439,0.25252411639572525
E12000004,2022,7.8947321948056635,9.248759421116866,0.10531682679101019,0.3578409431867353
E12000004,2023,7.899919385992316,4.328285165596836,0.0051871911866535345,0.3630281343733879
E12000005,2012,7.387664865450068,4.196137372174588,,-0.17451865577745718
E12000005,2013,7.410588805142694,4.393698842535954,0.02292393969262602,-0.15159471608483166
E12000005,2014,7.463165218071304,5.542080398771352,0.052576412928609,-0.09901830315622107
E12000005,2015,7.5032108626470375,7.292050238997545,0.040045644575734035,-0.058972658580487725
E12000005,2016,7.562183521227525,7.928731458570685,0.05897265858048829,0.0
E12000005,2017,7.618685967397713,8.353397017849202,0.05650244617018743,0.05650244617018796
E12000005,2018,7.669506375911967,9.548204742929032,0.05082040851425388,0.10732285468444136
E12000005,2019,7.6953234178145005,9.20489336979305,0.02581704190253319,0.13313989658697523
E12000005,2020,7.735869433092474,7.3301768874463065,0.04054601527797464,0.17368591186494875
E12000005,2021,7.8109104523785975,7.726096470547019,0.07504101928612288,0.24872693115107225
E12000005,2022,7.906540634704076,6.8428595482911865,0.09563018232547787,0.3443571134765504
E12000005,2023,7.917847511818168,3.272426397000477,0.011306877114093157,0.35566399059064313
E12000006,2012,7.7491756942170245,6.080516045129121,,-0.29624440792983187
E12000006,2013,7.770867820214441,6.202699758520781,0.021692125997417124,-0.2745522819324151
E12000006,2014,7.85712563979907,6.738514748523813,0.08625781958462779,-0.18829446234778668
E12000006,2015,7.944612927142058,8.047351355370813,0.0874872873429884,-0.10080717500479874
E12000006,2016,8.045420102146856,9.066277796998156,0.1008071750047979,0.0
E12000006,2017,8.102927124116814,9.799317466942194,0.05750702196995945,0.057507021969957606
E12000006,2018,8.124127059263959,11.257821509671912,0.021199935147143727,0.0787069571171024
E12000006,2019,8.12128051893342,11.861629703311875,-0.0028465403305387655,0.07586041678656308
E12000006,2020,8.14178029041827,9.04507627282037,0.020499771484848613,0.09636018827141335
E12000006,2021,8.203696822359204,9.947493738702002,0.06191653194093442,0.1582767202123474
E12000006,2022,8.300659357283818,9.918633065416854,0.09696253492461471,0.2552392551369618
E12000006,2023,8.292614401543089,4.665137386055446,-0.008044955740728481,0.2471942993962326
E12000007,2012,8.280730092984102,7.7034692833052665,,-0.4211000749010996
E12000007,2013,8.351696662664962,6.708542242246803,0.07096656968085911,-0.35013350522024034
E12000007,2014,8.517617951863302,7.190625460504453,0.16592128919833965,-0.18421221602189952
E12000007,2015,8.608292649476457,10.386979387144319,0.09067469761315453,-0.0935375184087448
E12000007,2016,8.701830167885202,10.672427233364747,0.09353751840874552,0.0
E12000007,2017,8.720481113896255,9.889444832879608,0.018650946011053306,0.01865094601105355
E12000007,2018,8.705766429274838,10.525906502488477,-0.014714684621414951,0.003936261389636542
E12000007,2019,8.6881861120083,10.613561312861503,-0.017580317266539747,-0.013644055876902428
E12000007,2020,8.72102733436357,9.005465690121127,0.03284122235526952,0.019197166478367222
E12000007,2021,8.755568912154402,9.008279421335425,0.03454157779083405,0.05373874426920011
E12000007,2022,8.810727850406883,7.5340314787780205,0.055158938252480354,0.10889768252168075
E12000007,2023,8.802854548337761,2.3071438769302786,-0.007873302069122965,0.10102438045255901
E12000008,2012,7.899508091943844,5.983237477918498,,-0.28053279807956777
E12000008,2013,7.923480298402114,5.596803456825897,0.02397220645827103,-0.2565605916212972
E12000008,2014,8.012570278164496,6.438905257846267,0.089089979762382,-0.16747061185891532
E12000008,2015,8.092195592236266,8.774725377867046,0.0796253140717699,-0.08784529778714578
E12000008,2016,8.180040890023411,9.23317190367473,0.0878452977871451,0.0
E12000008,2017,8.222400905374611,9.90143174705037,0.042360015351200174,0.04236001535119982
E12000008,2018,8.2356017755318,11.08837753691394,0.013200870157188203,0.055560885508388225
E12000008,2019,8.224531266603995,11.435472401021203,-0.011070508927805638,0.0444903765805833
E12000008,2020,8.246587102654171,9.251986506211502,0.022055836050178485,0.06654621263075988
E12000008,2021,8.307183173786635,10.171113954709762,0.060596071132462834,0.12714228376322367
E12000008,2022,8.404997565590085,10.376669932957238,0.09781439180344859,0.22495667556667343
E12000008,2023,8.396435096545227,4.215314149355653,-0.00856246904485711,0.21639420652181585
E12000009,2012,7.697081064360001,6.479520338284913,,-0.18240448351324634
E12000009,2013,7.707131789725064,6.99001700261518,0.01005072536506315,-0.17235375814818266
E12000009,2014,7.764141525332218,7.669529022608019,0.057009735607152966,-0.11534402254102893
E12000009,2015,7.816733768633108,9.208870088063177,0.052592243300890136,-0.06275177924013864
E12000009,2016,7.879485547873247,9.70332265063585,0.06275177924013958,0.0
E12000009,2017,7.928486151880216,10.093118418441097,0.04900060400696946,0.04900060400696926
E12000009,2018,7.961224475337935,10.829512239453013,0.03273832345771781,0.0817389274646878
E12000009,2019,7.966530984494918,10.747037285253137,0.005306509156983274,0.08704543662167108
E12000009,2020,8.00219852985836,8.221034944048352,0.03566754536344207,0.12271298198511271
E12000009,2021,8.075006969464507,9.21754240947005,0.07280843960614619,0.19552142159125996
E12000009,2022,8.193593224871316,9.522908392413052,0.1185862554068101,0.3141076769980691
E12000009,2023,8.189878224808792,4.039427805853667,-0.0037150000625241907,0.3103926769355452
