moderator,quartile,year,mean_log_price,mean_nb,median_nb,mean_growth,log_price_index_2016
income,1,2012,7.113188734028569,4.479888823724384,0.7606490872210954,,-0.15664536274929652
income,1,2013,7.130641626208518,3.99373041938343,0.8022462896109106,0.017452892179949938,-0.13919247056934747
income,1,2014,7.181573924646351,5.373054072381611,1.437607820586544,0.05093229843783329,-0.08826017213151438
income,1,2015,7.217968162899688,6.540187680657032,1.8820577164366374,0.03639423825333707,-0.05186593387817684
income,1,2016,7.269834096777865,6.606323577805924,1.586797841954935,0.05186593387817676,0.0
income,1,2017,7.319881054988896,7.092861603061158,1.866832607342875,0.05004695821103078,0.05004695821103056
income,1,2018,7.360099761425649,7.565482779448805,1.9157088122605364,0.04021870643675208,0.09026566464778352
income,1,2019,7.3890314976323594,7.10853637220782,1.858736059479554,0.028931736206711182,0.11919740085449426
income,1,2020,7.43737369686781,5.778681096657621,1.16795141322121,0.04834219923544965,0.1675396000899445
income,1,2021,7.525502154099671,6.076984099010214,1.0452961672473868,0.08812845723186118,0.255668057321806
income,1,2022,7.6244978326160915,5.58446454607102,0.6257822277847309,0.09899567851642113,0.3546637358382263
income,1,2023,7.629967495628273,2.4641140860779793,0.19036740909956215,0.005469663012182716,0.36013339885040807
income,2,2012,7.533443905730748,5.816504150659477,1.3449937142799642,,-0.2117657709180758
income,2,2013,7.552203482236857,5.663901888101482,1.507935229653154,0.018759576506108634,-0.19300619441196698
income,2,2014,7.622170188843445,6.659239945683464,2.144611063970384,0.06996670660658746,-0.12303948780537866
income,2,2015,7.676987861526358,8.454469127775967,2.6038200042400668,0.05481767268291336,-0.06822181512246583
income,2,2016,7.745209676648824,8.617734684904226,2.5216846999910576,0.06822181512246578,0.0
income,2,2017,7.794761745439001,8.62259728132757,2.8413576082900365,0.04955206879017574,0.049552068790176484
income,2,2018,7.828885412347845,9.059363764806518,3.126466218329684,0.03412366690884534,0.0836757356990212
income,2,2019,7.840578232596933,9.190083589477318,2.9864310699423315,0.011692820249088087,0.09536855594810856
income,2,2020,7.877694787067891,7.471940420216852,2.571552561426712,0.037116554470957616,0.13248511041906674
income,2,2021,7.947556652739953,8.251021653142818,2.355828498922736,0.06986186567206186,0.20234697609112917
income,2,2022,8.046603203217417,7.645694905661394,1.9207053565781984,0.0990465504774647,0.3013935265685932
income,2,2023,8.047584297756192,3.2223175676261984,0.6739681587235327,0.0009810945387745363,0.3023746211073677
income,3,2012,7.7326677030701045,5.596489919700891,1.4353920592588687,,-0.24418750398062716
income,3,2013,7.754258260644218,5.535111026133708,1.531921414678472,0.02159055757411391,-0.2225969464065134
income,3,2014,7.833476826889824,6.346369403379289,2.0981200768646886,0.07921856624560608,-0.14337838016090743
income,3,2015,7.900852013420586,8.725414916954536,3.085301183132914,0.06737518653076127,-0.07600319363014574
income,3,2016,7.976855207050732,9.276498163440193,3.1975582324837806,0.07600319363014606,0.0
income,3,2017,8.021231609070156,10.218928259123235,3.216986433496813,0.044376402019424624,0.04437640201942461
income,3,2018,8.045821270467663,11.854320910605999,3.8328432501477963,0.024589661397505107,0.0689660634169309
income,3,2019,8.050248522856926,12.108995226613805,3.7481280432467665,0.004427252389263726,0.0733933158061939
income,3,2020,8.081559030935141,10.121159988389433,3.3163247771207045,0.03131050807821519,0.10470382388440935
income,3,2021,8.14477982011573,10.823071176467208,3.066193393352738,0.06322078918058792,0.16792461306499806
income,3,2022,8.240496913864124,10.566830775232082,2.6936454733018556,0.09571709374839495,0.2636417068133925
income,3,2023,8.239935391211203,4.260931624661932,1.0627013896931894,-0.0005615226529194426,0.2630801841604713
income,4,2012,8.141069728480035,5.939821286421238,1.8805409396979043,,-0.29332886959895
income,4,2013,8.178047769285039,5.914640794499146,1.7742294064063493,0.03697804080500353,-0.25635082879394666
income,4,2014,8.284491325856473,6.55745844732185,2.12615273340968,0.10644355657143544,-0.14990727222251188
income,4,2015,8.357995016877442,8.419502890998865,2.9233661746572417,0.07350369102096814,-0.07640358120154289
income,4,2016,8.434398598078985,9.987727450916102,3.3039323412667083,0.07640358120154311,0.0
income,4,2017,8.463635358576893,10.382451945222256,3.143868574590138,0.029236760497907632,0.029236760497907355
income,4,2018,8.463562248240846,11.606259374635993,3.745656115434011,-7.3110336046516e-05,0.029163650161860843
income,4,2019,8.45239792427812,12.09858442743521,3.601445766463752,-0.01116432396272653,0.017999326199134913
income,4,2020,8.48049415665556,9.404487792608315,2.7482750972599375,0.028096232377440366,0.04609555857657455
income,4,2021,8.529453353875056,10.166833787925924,2.591415792919073,0.04895919721949594,0.09505475579607037
income,4,2022,8.60772679204779,9.751583251057742,2.294414165237428,0.07827343817273429,0.17332819396880517
income,4,2023,8.601000015553344,3.9207371412569882,0.8588612118311225,-0.006726776494445602,0.16660141747435908
deprivation,1,2012,7.892673489399944,5.0664441842224015,1.7869907076483202,,-0.21565581029963976
deprivation,1,2013,7.907768367154634,5.136173207005879,1.837109614206981,0.01509487775468995,-0.20056093254495
deprivation,1,2014,7.9786887212282265,5.793659006905506,1.9982871824150727,0.07092035407359323,-0.12964057847135724
deprivation,1,2015,8.041510739144977,7.709894624319921,3.0607783121993877,0.0628220179167497,-0.06681856055460678
deprivation,1,2016,8.108329299699584,9.001315833060408,3.4916201117318435,0.06681856055460694,0.0
deprivation,1,2017,8.14708443037551,10.112207122125398,3.5714285714285716,0.03875513067592763,0.03875513067592706
deprivation,1,2018,8.166277881013341,12.262116440252344,4.484304932735426,0.019193450637830067,0.057948581313757686
deprivation,1,2019,8.167239134053085,12.760918066966475,4.733727810650888,0.0009612530397447149,0.05890983435350172
deprivation,1,2020,8.19632618774927,9.955836707521513,3.8461538461538463,0.029087053696182738,0.08799688804968575
deprivation,1,2021,8.257678360209958,11.128094273766832,3.7815126050420167,0.06135217246068994,0.14934906051037444
deprivation,1,2022,8.354927971952208,11.210904297628975,3.301540719002201,0.09724961174224937,0.24659867225262389
deprivation,1,2023,8.352843073358867,4.93251347834785,1.485884101040119,-0.002084898593340419,0.24451377365928373
deprivation,2,2012,7.740653048377166,5.278256650006105,1.5292858592860559,,-0.21528492365000673
deprivation,2,2013,7.761163694638308,5.671073878821383,1.6849677632624314,0.0205106462611409,-0.19477427738886544
deprivation,2,2014,7.83292827083998,6.744351085322316,2.2997330493852024,0.0717645762016717,-0.12300970118719334
deprivation,2,2015,7.890190786961537,8.216017002791265,3.1095511346455416,0.05726251612155765,-0.0657471850656357
deprivation,2,2016,7.955937972027173,8.598910062563007,3.052222852948008,0.06574718506563583,0.0
deprivation,2,2017,7.998874294413341,9.29588720167621,3.009121402197942,0.04293632238616723,0.042936322386167625
deprivation,2,2018,8.022403692182278,10.118901665820458,3.636595270464472,0.0235293977689386,0.06646572015510532
deprivation,2,2019,8.027325292130435,9.960960885710305,3.6522801475352216,0.004921599948155966,0.07138732010326176
deprivation,2,2020,8.061464067330384,8.566906227576162,2.8966616126994142,0.034138775199949394,0.10552609530321089
deprivation,2,2021,8.125667698250194,8.816965953997556,2.9622317282731894,0.06420363091981038,0.16972972622302063
deprivation,2,2022,8.22066781954165,8.832663811751422,2.525606896923203,0.09500012129145481,0.26472984751447637
deprivation,2,2023,8.218667482149026,3.7881727445490045,0.9380866708385482,-0.002000337392623465,0.2627295101218534
deprivation,3,2012,7.622481213124277,5.778089752930842,1.2077294685990339,,-0.24805878956331195
deprivation,3,2013,7.6525852181663465,5.125642831148531,1.2068552172820035,0.030104005042069688,-0.2179547845212424
deprivation,3,2014,7.7382872949242625,6.263468793231416,1.941684981169407,0.08570207675791527,-0.13225270776332643
deprivation,3,2015,7.799285643042682,7.907316816948235,2.1917808950365805,0.060998348118418824,-0.07125435964490734
deprivation,3,2016,7.870540002687589,9.054600296311927,2.42944602295643,0.07125435964490826,0.0
deprivation,3,2017,7.9141333643678395,8.632960346682017,2.5362157254237365,0.04359336168025049,0.04359336168025063
deprivation,3,2018,7.938954701276296,9.240258693255697,2.5407457925717694,0.02482133690845606,0.06841469858870752
deprivation,3,2019,7.944888554981692,9.371122341527673,2.3328152826611146,0.0059338537053959545,0.07434855229410342
deprivation,3,2020,7.9820552954017945,7.493226170661537,1.881467729691673,0.03716674042010238,0.11151529271420557
deprivation,3,2021,8.047235883618995,7.900337746899681,1.6074736023945957,0.06518058821720114,0.17669588093140653
deprivation,3,2022,8.135841072448772,7.16835132209761,1.2525442611724418,0.08860518882977707,0.2653010697611826
deprivation,3,2023,8.134807801617903,2.541512624770679,0.3803004510960665,-0.0010332708308696135,0.26426779893031416
deprivation,4,2012,7.265021380923601,5.710259032310422,0.9352144385292801,,-0.22696273664774225
deprivation,4,2013,7.2940915302298,5.175167027860241,0.8451308819002357,0.029070149306200527,-0.1978925873415429
deprivation,4,2014,7.372277422586725,6.1348906893932655,1.5502098827021473,0.07818589235692502,-0.11970669498461817
deprivation,4,2015,7.423300892981386,8.30703504567425,2.148392554656834,0.05102347039465968,-0.06868322458995735
deprivation,4,2016,7.491984117571343,7.834868163491087,1.7266238524679831,0.06868322458995833,0.0
deprivation,4,2017,7.539904842272429,8.277562595823662,2.01541942597459,0.047920724701084425,0.04792072470108533
deprivation,4,2018,7.571207198999243,8.466916009945498,1.9285039796459917,0.03130235672681425,0.0792230814278998
deprivation,4,2019,7.593261504583356,8.416527168228612,1.934219293684176,0.022054305584112286,0.10127738701201228
deprivation,4,2020,7.637723089531928,6.762760236642375,1.1926164454482873,0.04446158494857315,0.1457389719605846
deprivation,4,2021,7.717141237930359,7.475487482856625,1.0050269303447315,0.07941814839843077,0.22515712035901547
deprivation,4,2022,7.808318048674016,6.339967615302507,0.6283075049240834,0.0911768107436574,0.3163339311026725
deprivation,4,2023,7.812594564800445,2.6073552818450034,0.16907522705203631,0.00427651612642952,0.32061044722910204
social_rent,1,2012,7.734595090472358,4.072349166735958,1.2410089226970644,,-0.19704628805802749
social_rent,1,2013,7.748074951198785,4.159361230582835,1.2613658496615254,0.013479860726427588,-0.18356642733160022
social_rent,1,2014,7.813141318007912,4.901470267093403,1.543337792208782,0.06506636680912747,-0.1185000605224733
social_rent,1,2015,7.868427369151785,6.258452847732614,2.2183534260773152,0.05528605114387254,-0.06321400937860044
social_rent,1,2016,7.931641378530386,7.119723156882104,2.3483826243675616,0.06321400937859917,0.0
social_rent,1,2017,7.973858184799064,7.890559595799572,2.581385396557758,0.042216806268678804,0.0422168062686783
social_rent,1,2018,7.999296732653616,8.716073405974386,2.938475764860417,0.02543854785455183,0.06765535412323054
social_rent,1,2019,8.00716704045351,9.553217284890433,2.8113082095543955,0.007870307799894028,0.07552566192312415
social_rent,1,2020,8.04171815030619,7.576622354065648,2.1783415122822274,0.0345511098526815,0.11007677177580444
social_rent,1,2021,8.108702766248099,8.546641599238136,2.325904008012728,0.06698461594190688,0.17706138771771318
social_rent,1,2022,8.208143213745107,8.209899509556925,2.0974781871946493,0.09944044749700895,0.27650183521472105
social_rent,1,2023,8.206724874909458,3.493796569564476,0.8342026205966453,-0.0014183388356479626,0.2750834963790725
social_rent,2,2012,7.705151890892256,5.254110417432884,1.9246655119731977,,-0.20903719374702145
social_rent,2,2013,7.722523611947261,5.448728465233664,1.9116501438591076,0.01737172105500503,-0.19166547269201661
social_rent,2,2014,7.791559630920593,6.241890096944399,2.2709878290988668,0.06903601897333202,-0.12262945371868472
social_rent,2,2015,7.849095767521494,8.052532057657713,3.1703507835996874,0.05753613660090049,-0.06509331711778366
social_rent,2,2016,7.914189084639277,8.66910772242068,3.527336860670194,0.06509331711778346,0.0
social_rent,2,2017,7.957156178972868,9.101472456214243,3.492564542943169,0.042967094333591034,0.042967094333590694
social_rent,2,2018,7.982917612929176,11.122653750911509,4.42188428082979,0.025761433956308127,0.06872852828989906
social_rent,2,2019,7.99049351867519,10.90605503505028,4.560129498397579,0.007575905746012762,0.07630443403591247
social_rent,2,2020,8.022116162844881,9.010256352506616,3.654280195056254,0.03162264416969205,0.10792707820560388
social_rent,2,2021,8.090774022703593,9.892885466890807,3.6164306466925265,0.0686578598587121,0.17658493806431608
social_rent,2,2022,8.186724456012461,9.880624350200764,2.9565758968215654,0.0959504333088673,0.2725353713731842
social_rent,2,2023,8.184988567749649,4.100254675619081,1.2825331499831125,-0.0017358882628112058,0.2707994831103715
social_rent,3,2012,7.600483019721206,5.828800301666081,1.4545678890312168,,-0.22748536514246975
social_rent,3,2013,7.623699643208567,5.517036046309717,1.5974447416814468,0.02321662348736086,-0.20426874165510878
social_rent,3,2014,7.702095801328063,6.684784871216515,2.2896401320048962,0.07839615811949635,-0.12587258353561204
social_rent,3,2015,7.759524018069784,8.228487199032093,2.727899610317773,0.0574282167417204,-0.06844436679389165
social_rent,3,2016,7.827968384863675,9.109207127637934,2.8606533325383827,0.06844436679389179,0.0
social_rent,3,2017,7.8725944387745095,9.190882573439783,2.828872650635268,0.044626053910833595,0.044626053910834074
social_rent,3,2018,7.896483311316834,9.981980099113157,3.2293299223663827,0.023888872542325152,0.06851492645315815
social_rent,3,2019,7.903405782830002,10.065163713512472,3.0324091723624518,0.0069224715131667594,0.07543739796632654
social_rent,3,2020,7.939825200165762,8.600069441167994,2.5662959794696323,0.036419417335761636,0.11185681530208669
social_rent,3,2021,8.00715088945698,8.651868823101069,2.2252510378542123,0.06732568929121781,0.17918250459330487
social_rent,3,2022,8.096869144074336,8.27904061405144,1.8201549644046313,0.0897182546173565,0.2689007592106609
social_rent,3,2023,8.09703200227643,3.5976543028806094,0.6972302325445732,0.00016285820209278347,0.26906361741275475
social_rent,4,2012,7.48035630554255,6.6787392595920725,0.9714396735962697,,-0.2724268472750069
social_rent,4,2013,7.521082873861982,5.983430176189904,0.8378718056137411,0.04072656831943288,-0.2317002789555751
social_rent,4,2014,7.61517087342875,7.108998980336367,1.6901408450704225,0.0940879995667673,-0.13761227938880705
social_rent,4,2015,7.677026252212644,9.601905643862219,2.587991718426501,0.06185537878389546,-0.07575690060491258
social_rent,4,2016,7.752783152817557,9.592004221505997,1.949317738791423,0.07575690060491166,0.0
social_rent,4,2017,7.796181472252452,10.135716486179987,2.2278803309993633,0.04339831943489581,0.04339831943489525
social_rent,4,2018,7.8199418495329684,10.266310166777021,2.1795989537925022,0.02376037728051623,0.06715869671541164
social_rent,4,2019,7.831450388344809,9.983456703795449,1.8645121193287757,0.011508538811840727,0.07866723552725219
social_rent,4,2020,7.87371913432114,7.590388115396237,1.1583011583011582,0.04226874597633098,0.12093598150358353
social_rent,4,2021,7.940908947176197,8.22778149244774,1.0180707559175364,0.06718981285505775,0.18812579435864052
social_rent,4,2022,8.027825458906621,7.179948629704059,0.6261740763932373,0.08691651173042426,0.2750423060890643
social_rent,4,2023,8.029977332266856,2.6765199633594507,0.0,0.0021518733602342416,0.2771941794492996
density,1,2012,7.683082575708814,5.8612338987207595,2.487124116222919,,-0.16391248024126615
density,1,2013,7.689523410999823,5.996695935139294,2.5745826719328297,0.006440835291008958,-0.1574716449502569
density,1,2014,7.74278300490919,7.182236577647671,3.2483166690887257,0.05325959390936728,-0.10421205104089015
density,1,2015,7.791913302204515,9.418154529502775,4.634996972213739,0.049130297295325184,-0.05508175374556501
density,1,2016,7.84699505595008,10.507220645536599,5.013087929118791,0.055081753745565044,0.0
density,1,2017,7.88984295810544,11.94737299877627,5.588214898630512,0.04284790215535903,0.04284790215536027
density,1,2018,7.918497485235053,13.776432250645781,6.593009478889378,0.028654527129614905,0.07150242928497352
density,1,2019,7.92785396554469,14.521893982770516,7.147937010582018,0.009356480309636725,0.0808589095946104
density,1,2020,7.961531439682114,11.691088139930914,6.3275227145804,0.033677474137423086,0.1145363837320339
density,1,2021,8.034358926630118,13.500715622594734,7.424943591841431,0.07282748694800252,0.1873638706800378
density,1,2022,8.137132264789404,13.829863669841384,6.669382682944736,0.10277333815928734,0.29013720883932415
density,1,2023,8.135731102975152,6.264357797257859,2.949880562287671,-0.00140116181425272,0.28873604702507194
density,2,2012,7.562148238505015,5.765034637914193,1.4483628921235783,,-0.19835398416819938
density,2,2013,7.5810081988524365,5.844921856372046,1.6421722896134456,0.01885996034742158,-0.17949402382077828
density,2,2014,7.644726585552794,6.811435002393161,2.1441626502105766,0.06371838670035788,-0.1157756371204206
density,2,2015,7.697648117867023,8.160139398731046,2.6841694044714277,0.05292153231422898,-0.06285410480619191
density,2,2016,7.760502222673215,9.190129928548936,2.918777277837349,0.06285410480619172,0.0
density,2,2017,7.806779230593093,9.65178663801689,3.034692062163152,0.046277007919878356,0.04627700791987799
density,2,2018,7.836494319021451,10.385892234635724,3.810234765406169,0.0297150884283577,0.07599209634823634
density,2,2019,7.847990622624535,10.385091875528254,3.420389526732598,0.011496303603084176,0.08748839995132052
density,2,2020,7.884845333577941,8.390755337599634,2.9937762168482758,0.03685471095340524,0.12434311090472594
density,2,2021,7.9567191943760935,8.830319395766733,2.598268559530989,0.07187386079815404,0.19621697170287877
density,2,2022,8.052072203398215,8.505012360184999,2.077042230726839,0.09535300902211977,0.29156998072499984
density,2,2023,8.05411355853688,3.627467872066143,0.78755907856053,0.002041355138665345,0.29361133586366517
density,3,2012,7.487218427474036,5.151359201604196,0.815217632094055,,-0.23042177235630046
density,3,2013,7.512700828066052,4.513575314053332,0.8581597840924357,0.025482400592015855,-0.20493937176428467
density,3,2014,7.584807218064526,5.379036012428804,1.2630249447426587,0.07210638999847441,-0.1328329817658105
density,3,2015,7.644285746843262,7.237387849565121,1.6679227205542995,0.059478528778735475,-0.07335445298707466
density,3,2016,7.717640199830337,6.828268100887813,1.6894444421338979,0.07335445298707426,0.0
density,3,2017,7.765738160918968,7.2196925376519845,1.7814803795166783,0.04809796108863051,0.04809796108863118
density,3,2018,7.79533854147178,8.059678676063715,1.849602882734949,0.02960038055281307,0.07769834164144385
density,3,2019,7.806868427318813,7.874110891910263,1.6074619723230241,0.011529885847032241,0.08922822748847636
density,3,2020,7.845840607492795,6.434521100083479,0.9934189847265378,0.038972180173982164,0.1282004076624581
density,3,2021,7.914919749234324,6.513780886758862,0.9366252036104665,0.06907914174152967,0.19727954940398718
density,3,2022,8.010217972514926,5.86899279666741,0.6965002771205178,0.09529822328060229,0.29257777268458973
density,3,2023,8.011348192501988,1.9909473579053896,0.0,0.0011302199870614868,0.29370799267165104
density,4,2012,7.788318432506443,5.055415386060915,0.6329113924050633,,-0.3133315473861522
density,4,2013,7.832331945638553,4.752637964570282,0.6763611768684478,0.04401351313211016,-0.26931803425404244
density,4,2014,7.94984791589053,5.563526450842198,0.9807126511932004,0.1175159702519754,-0.15180206400206586
density,4,2015,8.020428479279463,7.32435465659449,1.5236160487557135,0.07058056338893379,-0.08122150061313249
density,4,2016,8.101649979892596,7.963464460563508,1.5101938082053863,0.08122150061313257,0.0
density,4,2017,8.137631014428848,7.498225644584435,1.633453119895459,0.03598103453625229,0.035981034536252565
density,4,2018,8.148502659414488,7.863599237326346,1.6087516087516087,0.010871644985639528,0.046852679521892426
density,4,2019,8.149991312532896,7.725466192863552,1.4323715981174545,0.0014886531184088198,0.04834133264029994
density,4,2020,8.18534479200744,6.260188293401153,0.9718172983479106,0.035353479474542725,0.0836948121148442
density,4,2021,8.241715909032118,6.473328229641751,0.8470986869970352,0.05637111702467922,0.14006592913952254
density,4,2022,8.320312085644192,5.344563366770552,0.4646840148698885,0.07859617661207262,0.21866210575159606
density,4,2023,8.317699370796463,1.9850452552730908,0.23980815347721823,-0.002612714847728731,0.21604939090386743
