variable,lag,within_autocorrelation
log_median_ppsqm,1,0.914974914499459
log_median_ppsqm,2,0.8256659409098915
log_median_ppsqm,3,0.7015854409567235
log_median_ppsqm,4,0.5939993471881441
log_median_ppsqm,5,0.5312681389330419
d_log_price,1,-0.21665243081001864
d_log_price,2,-0.018874838726531475
d_log_price,3,-0.1302267037823694
d_log_price,4,-0.0892136700895598
d_log_price,5,-0.049719690085795756
newbuilds_per_1000,1,0.3033049982289284
newbuilds_per_1000,2,0.0331083949144603
newbuilds_per_1000,3,-0.10222106524530028
newbuilds_per_1000,4,-0.23390754039657968
newbuilds_per_1000,5,-0.29078063795664594
