,PC1,PC2,PC3,PC4,PC5,PC6,PC7,PC8,PC9,PC10,PC11,PC12,PC13,PC14,PC15,PC16
log_baseline_income,-0.23819384328400306,0.30286960634154875,-0.05117958348256979,-0.32426986524581614,0.11623709173338939,-0.3139800953162612,-0.2957882288078771,0.13818594368057752,-0.08528664948618922,0.5044191243161472,-0.4508521407844089,0.24442991320400642,0.013968928313882906,0.012574937298082069,0.0018561629625037375,2.2658194623076263e-15
deprivation_moderator_value,0.32211895852134975,-0.008878265296008492,0.00907826329761649,0.06371689837784233,0.09609382435820221,-0.146822647992715,-0.04608511409126559,0.10959004730794344,-0.0009798133400462199,0.12179140795171609,0.032350120967106544,-0.16037063246500727,-0.01182590788909605,0.5525038666007962,-0.009685754221876735,-0.7071067811865392
social_rent_share_2011,0.2592177313733602,0.030296021691373295,0.19756116586067077,-0.48282019350652494,0.32576119510515666,0.18308269727558904,0.005869480028052089,-0.3989106349583173,-0.1418598406485906,-0.11315844654086257,-0.04655550212155299,0.026118163797624713,-0.07570085364900825,0.01668491772477756,0.5649346529889278,-3.4692431237106565e-14
log_population_density_2011,0.1569316389800169,0.21631638485525767,-0.5634600266212991,-0.3420323177558839,-0.3863915184197291,0.05908371747528433,0.4889597596442897,-0.004712295038254839,-0.24513617453489672,0.15162952553716108,0.06587245547503834,-0.10739115625426625,-0.05371844977486617,0.015059379086190348,-0.012061352763467212,-2.6738828246995584e-16
degree_share_2011,-0.19995231730925553,0.4066058533478554,-0.04636627783954967,-0.15659693102626346,0.4586108354313107,-0.2044602060678099,0.09119408466272488,0.22784907419237208,0.13262618979336668,-0.04533147423864606,0.6520421902180384,-0.06914213174175748,0.006297191742860623,-0.0776675698740376,-0.0016362623329341077,-1.6207830042453387e-15
unemployment_rate_2011,0.30630950649705313,0.008246599999077208,0.04273568282192368,-0.088182833212748,-0.05027511569737611,-0.1784049020608849,0.09734688933552868,0.4380362327823719,-0.10515611951691747,-0.4555054104419464,-0.05623277078012484,0.651495458905885,-0.12086336198978632,0.003532438691437905,-0.004898819670549986,4.3291744334893864e-16
imd2015_income_rate_msoa,0.3185121026968157,-0.01696722330293453,0.05153602436757949,-0.08481238226725706,0.05984732567645657,-0.14378652076518805,0.0379796241338421,0.21004955957051302,-0.025690543868310968,-0.05311507380446269,-0.14250912585872436,-0.24909783773845454,0.8018019079923019,-0.29887846149725983,0.02321816682088751,4.4319248880335145e-15
imd2015_employment_rate_msoa,0.3100792970630104,-0.11355964746855314,-0.0009243638770427055,0.008949823960690443,0.1731568374801605,-0.17289157203545136,0.02927371055604058,0.26981446261012226,0.09420061760923931,0.07154896997633163,-0.21286033698542622,-0.4188855409000863,-0.5675368395384761,-0.4477202734907218,-0.004833566449535766,-1.4172602110565323e-14
imd2015_education_score_pw,0.28367393855922823,-0.19237561215443091,0.0663888052545277,0.03389593652938843,-0.14812314374177915,0.1037954396905276,-0.3970005858888383,0.06035790820139601,-0.4157486554282724,0.4218399365197893,0.49513379459154705,0.17376926058995845,-0.01687613128588925,-0.23782277218850525,0.0020565452835174056,-4.958235293973102e-15
imd2015_health_score_pw,0.28860183850974686,-0.08412639058977243,-0.12595849339270634,0.15602519182991442,0.22245788143559755,0.14071377952586117,0.3089653871570651,-0.1426155430923405,0.5548877015590737,0.43641687571011184,0.011141294816134,0.4103986692856375,0.07561867405413804,-0.10801230046440255,-0.006289551088625755,1.9738919745459745e-15
imd2015_crime_score_pw,0.2513285845178469,0.21200415445916673,-0.18920054125453778,-0.07487151028000179,-0.3482405097571038,-0.40220427586215,-0.42606885733319,-0.3951113898540074,0.4023611962542724,-0.20688732284506453,0.12246110512986251,-0.0001791950865165158,-0.028601361807442265,-0.09636328488454235,0.0007797036475138446,-1.666987327137125e-15
imd2015_barriers_score_pw,0.03181041794242095,0.2709774549033582,0.7351113525588235,-0.13411283605479704,-0.45186078378195005,-0.023655820393211947,0.2701808468063792,0.07808944254264995,0.18005828984320568,0.19618450152390068,0.07818625406026485,-0.056326608398404296,-0.0557690646495759,0.0035987468513004736,0.005716899936279385,-8.919165726605097e-16
imd2015_living_score_pw,0.12522178018317637,0.40039688959577135,0.09275007001814566,0.5544866172691433,0.14068659374125153,-0.30131200084939835,0.23204958127672898,-0.36235814180441256,-0.4276296652114495,0.015795972550382058,-0.08939442074419096,0.07344338769338167,-0.021087075472332573,-0.12337543374178003,0.006609262978352948,-2.625656844573336e-15
imd_ex_housing,0.3221189585213493,-0.008878265296008728,0.009078263297616681,0.06371689837784246,0.09609382435820173,-0.1468226479927139,-0.04608511409126615,0.10959004730794275,-0.0009798133400483859,0.12179140795171506,0.032350120967109125,-0.16037063246501115,-0.011825907889114584,0.5525038666007749,-0.009685754221792587,0.7071067811865557
owner_share_2011,-0.24919492607893406,-0.32383976615082216,-0.09082759929784016,0.18935136466798672,-0.1915981608176093,-0.42541138799247763,0.15240089924376576,0.13180389873655615,0.04826011699009457,0.10964720870607156,0.10098090837694769,0.014179471024911043,0.030001567602381245,0.013795811374302821,0.7104948469278505,-4.127057276244863e-14
private_rent_share_2011,0.08244398985511174,0.504154429547181,-0.14406397471528057,0.3235146569728292,-0.11316131867697234,0.4821086045980499,-0.25372995854177943,0.31961265897474794,0.11860875818558327,-0.025431292734752975,-0.09804719819096247,-0.04969095894173131,-0.0009643734888298412,-0.007222398730310837,0.4183293888853889,-2.5006501117974922e-14
